"Forward Primer 5'->3'","Fw Length","Fw Start","Fw End","Fw Tm","Fw GC","Reverse Primer  5'->3","Rv Length","Rv Start","Rv End","Rv Tm","Rv GC","Tm Difference","Amplicon Length","Amplicon Mutations","Fw SARS-CoV-2 Specificity","Rv SARS-CoV-2 Specificity","Degenerate Fw  5'->3","Fw Mutated Positions","Fw Lineages","Fw Mutation number","Fw Mutation Frequency","Degenerate Rv  5'->3","Rv Mutated Positions","Rv Lineages","Rv Mutation number","Rv Mutation Frequency"
"gaaatttgacaccttcaatggg",22,1048,1069,56.13,40.91,"tcaacccttggttgaatagtc",21,1111,1131,55.49,42.86,0.64,84,5,0.435,1.506,"NaaatttgacaNNttNaatggg","1048 / 1059 / 1060 / 1063","B.1.351",4,"1.554 / 3.612 / 0.158 / 0.113","tcaacccttggttgaatagtc","","",0,""
"ttaccttctcttgccactgt",20,11186,11205,56.38,45,"cacagttcttgctgtcataaggatt",25,11341,11365,58.85,40,2.46,180,8,0.421,0.831,"ttaccttctNttgcNDctgt","11195 / 11200 / 11201","B.1.617.1 / B.1.617.2",3,"0.152 / 0.115 / 29.686","Nacagttcttgctgtcataaggatt","11365","",1,"0.207"
"atgtatgcatcagctgtagtg",21,11315,11335,55.84,42.86,"caagacattcataagtgtccacact",25,11386,11410,58.78,40,2.94,96,4,0.499,0.784,"atgtatgcatcagctgtNgtN","11332 / 11335","",2,"29.462 / 0.118","caagacattcataaNtgtccacact","11396","",1,"0.109"
"tggtaatgctttagatcaagcc",22,11434,11455,56.48,40.91,"cagttgtaactacacctgagt",21,11496,11516,56.18,42.86,0.3,83,6,0.428,0.868,"tggtaatgctttagatcRagcN","11451 / 11455","B.1.621",2,"0.189 / 0.227","caVttgtaaHtacacctgaRt","11497 / 11507 / 11514","",3,"0.436 / 0.244 / 2.787"
"tttggccagaggtattgttt",20,11524,11543,55.12,40,"agaggccaaagtaacaagtac",21,11634,11654,56.53,42.86,1.41,131,7,0.789,1.313,"tttggccagaggtNttgttt","11537","B.1.1.529",1,"12.971","aNaggccaaagtaacaagtac","11653","",1,"0.178"
"cactgatgacaatgcgttagcttac",25,12754,12778,60.73,44,"gcccatttcaaatcctgtaaatcg",24,12823,12846,57.88,41.67,2.84,93,11,0.622,1.38,"caNtgatgacaatgcNttNgcttaN","12756 / 12769 / 12772 / 12778","",4,"0.165 / 0.152 / 0.103 / 1.056","gcccatttcaaatcctgtaaatcg","","",0,""
"aacagaagtgcctgccaattca",22,13036,13057,61.02,45.45,"attggcttccggtgtaact",19,13192,13210,56.65,47.37,4.37,175,9,0.153,0.887,"aacagaagtgcctgccaattcN","13057","B.1.621",1,"0.132","VttggcttcNggtgtNact","13195 / 13201 / 13210","B.1.617.1 / B.1.617.2",3,"12.859 / 0.147 / 0.118"
"aggcactagtactgatgtcgtatac",25,13512,13536,59.53,44,"tttcttggaagcgacaaca",19,13597,13615,55.26,42.11,4.27,104,2,0.466,0.521,"aggcaNtagtactgatgtcgtataB","13517 / 13536","",2,"0.168 / 0.352","tttcttggaagcgacaaca","","",0,""
"tttattctctacagtgttcccacc",24,14385,14408,58.2,41.67,"caacacctagctctctgaag",20,14481,14500,55.62,50,2.58,116,3,0.229,1.184,"tttattctctacagtgttcccaNN","14407 / 14408","B.1.1.529",2,"0.153 / 99.614","caacacctagctctctgaag","","",0,""
"tttcaaactgtcaaacccgg",20,14659,14678,56.76,45,"aatcgctgatagcagcattac",21,14777,14797,55.49,42.86,1.28,139,4,0.011,0.434,"tttcaaactgtcaaaccNgg","14676","B.1.1.7",1,"11.951","aatcgctgatagcagcattac","","",0,""
"cctcaccttatgggttggg",19,15274,15292,57.1,57.89,"gacaagctacaacacgttg",19,15368,15386,55.38,47.37,1.72,113,4,0.075,1.248,"cctNaNcttatgggttggg","15277 / 15279","B.1.1.7",2,"0.319 / 11.89","gacaagctacaacaNgttg","15372","",1,"0.141"
"ttgagtgaaatggtcatgtgtggcg",25,15427,15451,64.2,48,"aaagtgcattaacattggccgtg",23,15540,15562,60.06,43.48,4.15,136,4,0.147,0.925,"ttgagtgaaatggtcatgtgtggcD","15451","B.1.617.2",1,"33.328","aaagtgcattaacattggcNgtN","15540 / 15543","",2,"0.193 / 0.126"
"gataacacttcaaggtattgggaac",25,16168,16192,57.91,40,"ctgtaagactgtatgcggt",19,16218,16236,55.02,47.37,2.89,69,2,0.136,0.514,"gataaNacNtcaaggtattgggaac","16173 / 16176","B.1.1.7",2,"0.104 / 11.865","ctgtaagactgtatgcggt","","",0,""
"aaaggtgactatggtgatgct",21,16840,16860,56.99,42.86,"aggtgcacttaatggcattactgta",25,16926,16950,60.62,40,3.63,111,7,0.066,0.613,"aaaggtgactatNgtgatgct","16852","B.1.617.1",1,"0.088","aggtgcacttaatggNattactgta","16935","",1,"1.345"
"cgtgctcgtgtagagtgt",18,17245,17262,56.74,55.56,"atagtgcttagcacgtaatctg",22,17403,17424,56.45,40.91,0.3,180,9,0.165,0.922,"cgtgctcgtgtagaNtgt","17259","P.1",1,"1.167","atagtgcttagcacNtaatctg","17410","B.1.351",1,"29.517"
"ttgctaactaagggcacactagaac",25,17467,17491,60.8,44,"acgccgacaagttccgagga",20,17546,17565,64.56,60,3.76,99,6,0.173,0.529,"ttgctaactaagggcacactagaaN","17491","B.1.351 / B.1.621",1,"0.152","acgccgacaagttcNNagga","17550 / 17551","",2,"0.42 / 0.148"
"atgtgttgacatacctggc",19,18153,18171,55.17,47.37,"ccatgcacgtacatgtctta",20,18278,18297,55.58,45,0.4,145,7,0.439,1.222,"atgtgttgacNtacHtggN","18163 / 18167 / 18171","B.1.1.529",3,"42.159 / 0.364 / 0.134","ccatgcacgtacatgtctta","","",0,""
"tgtgatgcaatcatgactaggtgtc",25,18853,18877,61.14,44,"gctttaacaaccatgtgttgaacc",24,18972,18995,59.26,41.67,1.88,143,5,0.762,0.944,"tgtgatgcaatcatgactaggtgtN","18877","B.1.621",1,"1.342","gctttaacaacNatNtgttgaacc","18981 / 18984","",2,"0.198 / 0.153"
"caaattcccagttcttcacgacatt",25,19011,19035,60.28,40,"caccatctgtgaatttgtcagaatg",25,19156,19180,57.37,40,2.91,170,11,0.26,0.873,"NaaattNccagttcttcacgacatN","19011 / 19017 / 19035","B.1.621",3,"0.173 / 0.206 / 0.12","caccatNtgtDaaNttNtcaNaatg","19160 / 19164 / 19167 / 19170 / 19174","B.1.351",5,"0.276 / 0.233 / 0.146 / 0.203 / 0.1"
"cgacattggtaaccctaaagctatt",25,19029,19053,59.18,40,"caccatctgtgaatttgtcagaatg",25,19156,19180,57.37,40,1.81,152,9,0.381,0.873,"cgacatNggtaaccctaaagctatN","19035 / 19053","C.1.2 / B.1.621",2,"0.12 / 0.007","caccatNtgtDaaNttNtcaNaatg","19160 / 19164 / 19167 / 19170 / 19174","B.1.351",5,"0.276 / 0.233 / 0.146 / 0.203 / 0.1"
"ggtaaccctaaagctattaagtgtg",25,19036,19060,57.45,40,"caccatctgtgaatttgtcagaatg",25,19156,19180,57.37,40,0.09,145,8,0.307,0.873,"ggtaaccctaaagctatNaagtgtg","19053","C.1.2",1,"0.007","caccatNtgtDaaNttNtcaNaatg","19160 / 19164 / 19167 / 19170 / 19174","B.1.351",5,"0.276 / 0.233 / 0.146 / 0.203 / 0.1"
"tgccactagtctctagtcag",20,21585,21604,55.42,50,"tgtgaaagaattagtgtatgcaggg",25,21637,21661,59.13,40,3.71,77,15,2.28,2.026,"tgcNactagtNtNtaNtcag","21588 / 21595 / 21597 / 21600","C.1.2",4,"0.043 / 2.748 / 0.162 / 0.511","tgtNaaagaattagNgtatgNagNN","21637 / 21638 / 21641 / 21647 / 21658","P.1",5,"0.135 / 1.158 / 0.145 / 0.167 / 0.169"
"ctagtctctagtcagtgtgttaatc",25,21590,21614,56.26,40,"tgtgaaagaattagtgtatgcaggg",25,21637,21661,59.13,40,2.86,72,14,1.679,2.026,"ctagtNtNtaNtcagtgtgttaatN","21595 / 21597 / 21600 / 21614","P.1",4,"2.748 / 0.162 / 0.511 / 2.105","tgtNaaagaattagNgtatgNagNN","21637 / 21638 / 21641 / 21647 / 21658","P.1",5,"0.135 / 1.158 / 0.145 / 0.167 / 0.169"
"cttacaaccagaactcaattaccc",24,21614,21637,57.5,41.67,"cttagtaccattggtcccag",20,21774,21793,55.5,50,2,180,27,2.104,2.313,"NttaNaaNNaNaaNtcaattaccN","21614 / 21618 / 21621 / 21622 / 21624 / 21627 / 21637","P.1 / B.1.617.2",7,"2.105 / 62.042 / 1.149 / 0.411 / 0.15 / 0.131 / 0.135","cNtaNtaNcattggtcccag","21786 / 21789 / 21792","C.37",3,"0.199 / 0.685 / 0.156"
"acaaccagaactcaattaccc",21,21617,21637,55.78,42.86,"cctcttagtaccattggtccc",21,21776,21796,57.79,52.38,2,180,26,2.112,2.466,"aNaaNNaNaaNtcaattaccN","21618 / 21621 / 21622 / 21624 / 21627 / 21637","P.1 / B.1.617.2",6,"62.042 / 1.149 / 0.411 / 0.15 / 0.131 / 0.135","cctcNtaNtaNcattggtccc","21786 / 21789 / 21792","C.37",3,"0.199 / 0.685 / 0.156"
"ccctgcatacactaattctttcac",24,21637,21660,57.88,41.67,"cctcttagtaccattggtccc",21,21776,21796,57.79,52.38,0.09,160,21,1.914,2.466,"NNctNcatacNctaattctttNac","21637 / 21638 / 21641 / 21647 / 21658","P.1",5,"0.135 / 1.158 / 0.145 / 0.167 / 0.169","cctcNtaNtaNcattggtccc","21786 / 21789 / 21792","C.37",3,"0.199 / 0.685 / 0.156"
"tttccaatgttacttggttccatgc",25,21738,21762,60.51,40,"acctcttagtaccattggtccc",22,21776,21797,59.49,50,1.02,60,10,1.467,2.427,"tttcNaatgttacttggttccatgN","21742 / 21762","B.1.351 / B.1.1.529",2,"0.203 / 13.02","acctcNtaNtaNcattggtccc","21786 / 21789 / 21792","C.37",3,"0.199 / 0.685 / 0.156"
"acttggttccatgctatacatg",22,21749,21770,56.21,40.91,"ggacagggttatcaaacctctt",22,21791,21812,57.7,45.45,1.49,64,13,1.549,2.095,"acttggttccatgNtaNNNatN","21762 / 21765 / 21766 / 21767 / 21770","B.1.1.7 / B.1.1.529",5,"13.02 / 0.128 / 0.017 / 0.07 / 0.293","NNacagggttaNNaaacctcNt","21792 / 21800 / 21801 / 21811 / 21812","B.1.351",5,"0.156 / 0.213 / 0.299 / 0.231 / 0.109"
"cttggttccatgctatacatgt",22,21750,21771,56.21,40.91,"ggacagggttatcaaacctctt",22,21791,21812,57.7,45.45,1.49,63,13,1.36,2.095,"cttggttccatgNtaNNNatNt","21762 / 21765 / 21766 / 21767 / 21770","B.1.1.7 / B.1.1.529",5,"13.02 / 0.128 / 0.017 / 0.07 / 0.293","NNacagggttaNNaaacctcNt","21792 / 21800 / 21801 / 21811 / 21812","B.1.351",5,"0.156 / 0.213 / 0.299 / 0.231 / 0.109"
"cttggttccatgctatacatgtc",23,21750,21772,57.32,43.48,"ggacagggttatcaaacctctt",22,21791,21812,57.7,45.45,0.38,63,13,1.359,2.095,"cttggttccatgNtaNNNatNtN","21762 / 21765 / 21766 / 21767 / 21770 / 21772","B.1.1.7 / B.1.1.529",6,"13.02 / 0.128 / 0.017 / 0.07 / 0.293 / 0.11","NNacagggttaNNaaacctcNt","21792 / 21800 / 21801 / 21811 / 21812","B.1.351",5,"0.156 / 0.213 / 0.299 / 0.231 / 0.109"
"gtctctgggaccaatggt",18,21770,21787,55.76,55.56,"gtagggactgggtcttcga",19,21896,21914,58.69,57.89,2.94,145,16,2.291,1.809,"NtNtctgggaccaatgNt","21770 / 21772 / 21786","C.37",3,"0.293 / 0.11 / 0.199","gtagNgactgggtcttcNa","21897 / 21910","",2,"0.689 / 0.104"
"gtctctgggaccaatggtac",20,21770,21789,57.31,55,"gtagggactgggtcttcga",19,21896,21914,58.69,57.89,1.39,145,16,2.129,1.809,"NtNtctgggaccaatgNtaN","21770 / 21772 / 21786 / 21789","C.37",4,"0.293 / 0.11 / 0.199 / 0.685","gtagNgactgggtcttcNa","21897 / 21910","",2,"0.689 / 0.104"
"tctctgggaccaatggtac",19,21771,21789,55.7,52.63,"gtagggactgggtcttcga",19,21896,21914,58.69,57.89,2.99,144,15,2.138,1.809,"tNtctgggaccaatgNtaN","21772 / 21786 / 21789","C.37",3,"0.11 / 0.199 / 0.685","gtagNgactgggtcttcNa","21897 / 21910","",2,"0.689 / 0.104"
"ctctgggaccaatggtact",19,21772,21790,55.69,52.63,"gtagggactgggtcttcga",19,21896,21914,58.69,57.89,3.01,143,15,2.019,1.809,"NtctgggaccaatgNtaNt","21772 / 21786 / 21789","C.37",3,"0.11 / 0.199 / 0.685","gtagNgactgggtcttcNa","21897 / 21910","",2,"0.689 / 0.104"
"tctgggaccaatggtactaa",20,21773,21792,55.13,45,"gtagggactgggtcttcga",19,21896,21914,58.69,57.89,3.56,142,14,2.143,1.809,"tctgggaccaatgNtaNtaN","21786 / 21789 / 21792","C.37",3,"0.199 / 0.685 / 0.156","gtagNgactgggtcttcNa","21897 / 21910","",2,"0.689 / 0.104"
"ccaatggtactaagaggtttga",22,21780,21801,55.45,40.91,"gtagggactgggtcttcga",19,21896,21914,58.69,57.89,3.24,135,14,0.889,1.809,"ccaatgNtaNtaNgaggtttNN","21786 / 21789 / 21792 / 21800 / 21801","B.1.351 / C.37",5,"0.199 / 0.685 / 0.156 / 0.213 / 0.299","gtagNgactgggtcttcNa","21897 / 21910","",2,"0.689 / 0.104"
"actaagaggtttgataaccctg",22,21788,21809,55.17,40.91,"gtagggactgggtcttcga",19,21896,21914,58.69,57.89,3.52,127,13,1.213,1.809,"aNtaNgaggtttNNtaaccctg","21789 / 21792 / 21800 / 21801","B.1.351 / C.37",4,"0.685 / 0.156 / 0.213 / 0.299","gtagNgactgggtcttcNa","21897 / 21910","",2,"0.689 / 0.104"
"gaggtttgataaccctgtcc",20,21793,21812,55.43,50,"gtagggactgggtcttcga",19,21896,21914,58.69,57.89,3.26,122,11,1.488,1.809,"gaggtttNNtaaccctgtNN","21800 / 21801 / 21811 / 21812","B.1.351",4,"0.213 / 0.299 / 0.231 / 0.109","gtagNgactgggtcttcNa","21897 / 21910","",2,"0.689 / 0.104"
"tttgcttccactgagaagtc",20,21836,21855,55.6,45,"gtagggactgggtcttcga",19,21896,21914,58.69,57.89,3.09,79,7,0.358,1.809,"tttgcttccaNtgagNagtN","21846 / 21851 / 21855","",3,"28.363 / 0.108 / 0.461","gtagNgactgggtcttcNa","21897 / 21910","",2,"0.689 / 0.104"
"tagattcgaagacccagtcc",20,21891,21910,56.07,50,"gcactagaataaactctgaactcac",25,22026,22050,58.01,40,1.95,160,21,0.853,2.344,"tagaNtNgaagacccagtcN","21895 / 21897 / 21910","B.1.617.1",3,"0.072 / 0.689 / 0.104","gcactagaataaactcNNNactcac","22032 / 22033 / 22034","B.1.617.2",3,"0.165 / 0.302 / 0.02"
"gtgagttcagagtttattctagtgc",25,22026,22050,57.72,40,"acgcactaaattaataggcgtg",22,22183,22204,57.8,40.91,0.08,179,15,1.041,1.355,"gtgagtNNNgagtttattctagtgc","22032 / 22033 / 22034","B.1.617.2",3,"0.165 / 0.302 / 0.02","aNgcNctaaaNtaaNaggcgtg","22190 / 22194 / 22200 / 22203","B.1.1.529",4,"0.19 / 0.017 / 29.418 / 0.119"
"acacgcctattaatttagtgcgtg",24,22182,22205,59.97,41.67,"aagctgcagcaccagctgtc",20,22336,22355,62.43,60,2.47,174,29,1.275,2.332,"acacgcctNttaNtttagNgcNtN","22190 / 22194 / 22200 / 22203 / 22205","B.1.1.529",5,"0.19 / 0.017 / 29.418 / 0.119 / 0.141","aagctgcagNaccagctgtc","22346","",1,"0.26"
"catagaagttatttgactcctggtg",25,22295,22319,57.45,40,"aagctgcagcaccagctgtc",20,22336,22355,62.43,60,4.98,61,16,1.851,2.332,"NatNgaNgttatNtgNNtNNtNgtN","22295 / 22298 / 22301 / 22307 / 22310 / 22311 / 22313 / 22314 / 22316 / 22319","C.37",10,"0.103 / 0.011 / 0.006 / 0.005 / 0.016 / 0.197 / 0.022 / 0.327 / 0.01 / 0.021","aagctgcagNaccagctgtc","22346","",1,"0.26"
"gaagttatttgactcctggtgattc",25,22299,22323,57.92,40,"aataagctgcagcaccagctgtc",23,22336,22358,62.77,52.17,4.85,60,14,2.175,2.237,"gaNgttatNtgNNtNNtNgtNNttN","22301 / 22307 / 22310 / 22311 / 22313 / 22314 / 22316 / 22319 / 22320 / 22323","C.37",10,"0.006 / 0.005 / 0.016 / 0.197 / 0.022 / 0.327 / 0.01 / 0.021 / 0.529 / 0.12","aataagctgcagNaccagctgtc","22346","",1,"0.26"
"gttatttgactcctggtgattcttc",25,22302,22326,57.92,40,"cataataagctgcagcaccagctgt",25,22337,22361,62.89,48,4.97,60,13,1.97,2.169,"gttatNtgNNtNNtNgtNNttNttN","22307 / 22310 / 22311 / 22313 / 22314 / 22316 / 22319 / 22320 / 22323 / 22326","C.37",10,"0.005 / 0.016 / 0.197 / 0.022 / 0.327 / 0.01 / 0.021 / 0.529 / 0.12 / 0.209","cataataagctgcagNaccagctgt","22346","",1,"0.26"
"atttgactcctggtgattcttcttc",25,22305,22329,59.06,40,"ccacataataagctgcagcaccagc",25,22340,22364,63.65,52,4.59,60,13,1.779,2.142,"atNtgNNtNNtNgtNNttNttNttc","22307 / 22310 / 22311 / 22313 / 22314 / 22316 / 22319 / 22320 / 22323 / 22326","C.37",10,"0.005 / 0.016 / 0.197 / 0.022 / 0.327 / 0.01 / 0.021 / 0.529 / 0.12 / 0.209","ccacataataagctgcagNaccagc","22346","",1,"0.26"
"tgactcctggtgattcttcttca",23,22308,22330,59.1,43.48,"aacccacataataagctgcagcacc",25,22343,22367,63.11,48,4.01,60,12,1.457,2.08,"tgNNtNNtNgtNNttNttNttca","22310 / 22311 / 22313 / 22314 / 22316 / 22319 / 22320 / 22323 / 22326","C.37",9,"0.016 / 0.197 / 0.022 / 0.327 / 0.01 / 0.021 / 0.529 / 0.12 / 0.209","aacccacataataagctgcagNacc","22346","",1,"0.26"
"ctcctggtgattcttcttcag",21,22311,22331,55.7,47.62,"gataacccacataataagctgcagc",25,22346,22370,59.66,44,3.96,60,11,1.521,1.624,"NtNNtNgtNNttNttNttcaN","22311 / 22313 / 22314 / 22316 / 22319 / 22320 / 22323 / 22326 / 22331","C.37",9,"0.197 / 0.022 / 0.327 / 0.01 / 0.021 / 0.529 / 0.12 / 0.209 / 0.215","gataacccacataataagctgcagN","22346","",1,"0.26"
"ctggtgattcttcttcaggtt",21,22314,22334,55.51,42.86,"tctacagtgaaggatttcaacg",22,22467,22488,56.36,40.91,0.86,175,18,1.328,1.551,"NtNgtNNttNttNttcaNgtt","22314 / 22316 / 22319 / 22320 / 22323 / 22326 / 22331","C.37",7,"0.327 / 0.01 / 0.021 / 0.529 / 0.12 / 0.209 / 0.215","tctacagtNaaggatttcaaNg","22468 / 22480","",2,"0.186 / 0.14"
"gtgattcttcttcaggttgga",21,22317,22337,55.52,42.86,"tctacagtgaaggatttcaacg",22,22467,22488,56.36,40.91,0.84,172,16,2.006,1.551,"gtNNttNttNttcaNgttNga","22319 / 22320 / 22323 / 22326 / 22331 / 22335","C.37",6,"0.021 / 0.529 / 0.12 / 0.209 / 0.215 / 0.134","tctacagtNaaggatttcaaNg","22468 / 22480","",2,"0.186 / 0.14"
"tttaacgccaccagatttgc",20,22586,22605,57.28,45,"gaataatcagcaacacagttgctg",24,22636,22659,58.17,41.67,0.89,74,4,0.704,1.838,"tttaaNgccacNaNatttgc","22591 / 22597 / 22599","B.1.621",3,"0.12 / 0.14 / 9.719","gaataatcagcaacacagttgctg","","",0,""
"gctccagggcaaactggaaa",20,22793,22812,60.83,55,"ccaccaaccttagaatcaagattgt",25,22878,22902,58.76,40,2.06,110,10,1.344,1.822,"gctccaggNcaaactggaaN","22801 / 22812","P.1",2,"0.521 / 1.166","ccaNNaNccNtagaatcaagNttNt","22879 / 22882 / 22893 / 22896 / 22898 / 22899","",6,"0.541 / 40.405 / 0.746 / 0.142 / 12.689 / 0.127"
"ctccagggcaaactggaaag",20,22794,22813,58.75,55,"ccaccaaccttagaatcaagattgt",25,22878,22902,58.76,40,0.02,109,10,1.704,1.822,"ctccaggNcaaactggaaNN","22801 / 22812 / 22813","P.1 / B.1.351",3,"0.521 / 1.166 / 40.865","ccaNNaNccNtagaatcaagNttNt","22879 / 22882 / 22893 / 22896 / 22898 / 22899","",6,"0.541 / 40.405 / 0.746 / 0.142 / 12.689 / 0.127"
"gaaatctatcaggccggtag",20,22973,22992,55.12,50,"gggttggaaaccatatgattgt",22,23038,23059,55.44,40.91,0.31,87,14,1.964,1.934,"gaaatctatcaggcNggtaN","22987 / 22992","B.1.1.529",2,"0.173 / 42.921","gggtNggaaacNatatgNtNgt","23040 / 23042 / 23048 / 23055","B.1.1.529",4,"28.369 / 0.151 / 12.756 / 42.036"
"atctatcaggccggtagcac",20,22976,22995,59.03,55,"gggttggaaaccatatgattgt",22,23038,23059,55.44,40.91,3.59,84,14,2.287,1.934,"atctatcaggcNggtaNNaN","22987 / 22992 / 22993 / 22995","B.1.617.2 / B.1.1.529",4,"0.173 / 42.921 / 0.281 / 75.481","gggtNggaaacNatatgNtNgt","23040 / 23042 / 23048 / 23055","B.1.1.529",4,"28.369 / 0.151 / 12.756 / 42.036"
"agcacaccttgtaatggtgttg",22,22991,23012,59.38,45.45,"gggttggaaaccatatgattgt",22,23038,23059,55.44,40.91,3.94,69,13,2.605,1.934,"aNNaNaccttgtaatggtgttN","22992 / 22993 / 22995 / 23012","P.1 / B.1.351 / B.1.617.2 / P.2 / B.1.1.529 / C.1.2 / B.1.621",4,"42.921 / 0.281 / 75.481 / 2.213","gggtNggaaacNatatgNtNgt","23040 / 23042 / 23048 / 23055","B.1.1.529",4,"28.369 / 0.151 / 12.756 / 42.036"
"gcacaccttgtaatggtgttga",22,22992,23013,59.38,45.45,"gggttggaaaccatatgattgt",22,23038,23059,55.44,40.91,3.94,68,13,2.641,1.934,"NNaNaccttgtaatggtgttNN","22992 / 22993 / 22995 / 23012 / 23013","P.1 / B.1.351 / B.1.617.2 / P.2 / B.1.1.529 / C.1.2 / B.1.621",5,"42.921 / 0.281 / 75.481 / 2.213 / 42.105","gggtNggaaacNatatgNtNgt","23040 / 23042 / 23048 / 23055","B.1.1.529",4,"28.369 / 0.151 / 12.756 / 42.036"
"cacaccttgtaatggtgttga",21,22993,23013,56.37,42.86,"gggttggaaaccatatgattgt",22,23038,23059,55.44,40.91,0.94,67,12,2.649,1.934,"NaNaccttgtaatggtgttNN","22993 / 22995 / 23012 / 23013","P.1 / B.1.351 / B.1.617.2 / P.2 / B.1.1.529 / C.1.2 / B.1.621",4,"0.281 / 75.481 / 2.213 / 42.105","gggtNggaaacNatatgNtNgt","23040 / 23042 / 23048 / 23055","B.1.1.529",4,"28.369 / 0.151 / 12.756 / 42.036"
"accttgtaatggtgttgaagg",21,22996,23016,56.06,42.86,"gggttggaaaccatatgattgt",22,23038,23059,55.44,40.91,0.62,64,10,2.511,1.934,"accttgtaatggtgttNNagg","23012 / 23013","P.1 / B.1.351 / P.2 / B.1.1.529 / C.1.2 / B.1.621",2,"2.213 / 42.105","gggtNggaaacNatatgNtNgt","23040 / 23042 / 23048 / 23055","B.1.1.529",4,"28.369 / 0.151 / 12.756 / 42.036"
"caatcatatggtttccaaccca",22,23039,23060,56.64,40.91,"aagaacacctgtgcctgttaaa",22,23197,23218,58.72,40.91,2.07,180,9,1.248,1.346,"cNaNcatatNgtttccNaccca","23040 / 23042 / 23048 / 23055","B.1.1.529",4,"28.369 / 0.151 / 12.756 / 42.036","aagaacacctgtgcctNttaaa","23202","B.1.1.529",1,"12.991"
"caatcatatggtttccaacccacta",25,23039,23063,59.11,40,"aagaacacctgtgcctgttaaa",22,23197,23218,58.72,40.91,0.39,180,9,1.32,1.346,"cNaNcatatNgtttccNacccactN","23040 / 23042 / 23048 / 23055 / 23063","B.1.1.7 / P.1 / B.1.351 / B.1.1.529 / C.1.2 / B.1.621",5,"28.369 / 0.151 / 12.756 / 42.036 / 55.365","aagaacacctgtgcctNttaaa","23202","B.1.1.529",1,"12.991"
"tcatatggtttccaacccac",20,23042,23061,55.3,45,"aagaacacctgtgcctgttaaa",22,23197,23218,58.72,40.91,3.41,177,8,1.028,1.346,"NcatatNgtttccNacccac","23042 / 23048 / 23055","B.1.1.529",3,"0.151 / 12.756 / 42.036","aagaacacctgtgcctNttaaa","23202","B.1.1.529",1,"12.991"
"tcatatggtttccaacccacta",22,23042,23063,56.79,40.91,"aagaacacctgtgcctgttaaa",22,23197,23218,58.72,40.91,1.93,177,8,1.248,1.346,"NcatatNgtttccNacccactN","23042 / 23048 / 23055 / 23063","B.1.1.7 / P.1 / B.1.351 / B.1.1.529 / C.1.2 / B.1.621",4,"0.151 / 12.756 / 42.036 / 55.365","aagaacacctgtgcctNttaaa","23202","B.1.1.529",1,"12.991"
"tggtttccaacccactaatg",20,23047,23066,55.53,45,"aagaacacctgtgcctgttaaa",22,23197,23218,58.72,40.91,3.19,172,7,1.476,1.346,"tNgtttccNacccactNatg","23048 / 23055 / 23063","B.1.1.7 / P.1 / B.1.351 / B.1.1.529 / C.1.2 / B.1.621",3,"12.756 / 42.036 / 55.365","aagaacacctgtgcctNttaaa","23202","B.1.1.529",1,"12.991"
"caacccactaatggtgttggtt",22,23054,23075,59.04,45.45,"aagaacacctgtgcctgttaaa",22,23197,23218,58.72,40.91,0.32,165,6,1.139,1.346,"cNacccactNatggtgttggtN","23055 / 23063 / 23075","B.1.1.7 / P.1 / B.1.351 / B.1.1.529 / C.1.2 / B.1.621",3,"42.036 / 55.365 / 42.058","aagaacacctgtgcctNttaaa","23202","B.1.1.529",1,"12.991"
"acccactaatggtgttggt",19,23056,23074,56.12,47.37,"aagaacacctgtgcctgttaaa",22,23197,23218,58.72,40.91,2.6,163,5,1.157,1.346,"acccactNatggtgttggt","23063","B.1.1.7 / P.1 / B.1.351 / B.1.1.529 / C.1.2 / B.1.621",1,"55.365","aagaacacctgtgcctNttaaa","23202","B.1.1.529",1,"12.991"
"acccactaatggtgttggtt",20,23056,23075,56.94,45,"aagaacacctgtgcctgttaaa",22,23197,23218,58.72,40.91,1.78,163,5,1.134,1.346,"acccactNatggtgttggtN","23063 / 23075","B.1.1.7 / P.1 / B.1.351 / B.1.1.529 / C.1.2 / B.1.621",2,"55.365 / 42.058","aagaacacctgtgcctNttaaa","23202","B.1.1.529",1,"12.991"
"atggtgttggttaccaacc",19,23064,23082,55.28,47.37,"aagaacacctgtgcctgttaaa",22,23197,23218,58.72,40.91,3.44,155,4,0.808,1.346,"atggtgttggtNaccaacc","23075","",1,"42.058","aagaacacctgtgcctNttaaa","23202","B.1.1.529",1,"12.991"
"tcaatggtttaacaggcaca",20,23190,23209,55.46,40,"agcatcagtagtgtcagcaatg",22,23266,23287,57.67,45.45,2.21,98,6,0.964,1.439,"tNaatggtttaaNaggcaca","23191 / 23202","B.1.1.529",2,"0.263 / 12.991","agcNtcagtaNtgtcaNcaatg","23271 / 23277 / 23284","B.1.1.7",3,"11.871 / 0.223 / 0.861"
"agacattgctgacactactg",20,23263,23282,55.11,45,"aaagaacagcaacctggtta",20,23377,23396,55.49,40,0.37,134,5,0.67,1.778,"agacattgNtgacaNtactg","23271 / 23277","B.1.1.7",2,"11.871 / 0.223","aaagaacagcaacctgNtta","23380","",1,"0.228"
"tcaggatgttaactgcacag",20,23398,23417,55.39,45,"ccctattaaacagcctgcac",20,23499,23518,56.61,50,1.22,121,4,0.543,1.162,"tcaNgNtgttaactgcacag","23401 / 23403","B.1.1.7 / P.1 / B.1.351 / B.1.617.1 / B.1.617.2 / P.2 / B.1.1.529 / C.37 / C.1.2 / B.1.621",2,"0.669 / 99.664","ccctattaaacagcctgcac","","",0,""
"gggctgaacatgtcaacaact",21,23517,23537,59.04,47.62,"cccgccgaggagaattagtctga",23,23590,23612,63.95,56.52,4.91,96,11,1.139,2.642,"gggYtgaaNatgtcaaNaNct","23520 / 23525 / 23533 / 23535","P.1 / B.1.1.529 / C.1.2",4,"0.106 / 43.333 / 0.118 / 0.673","cccgNcgaNgagaNttagtNtNa","23591 / 23593 / 23599 / 23604 / 23608","B.1.1.7 / B.1.1.529 / C.1.2 / B.1.621",5,"0.165 / 0.644 / 42.28 / 88.025 / 0.127"
"cgctagttatcagactcagactaat",25,23575,23599,57.8,40,"gtaggcaatgatggattgactag",23,23625,23647,56.02,43.48,1.78,73,9,1.11,1.925,"cgctagttatcaNactNaNactaaN","23587 / 23591 / 23593 / 23599","B.1.1.529 / C.1.2",4,"0.44 / 0.165 / 0.644 / 42.28","gtaggcaatNatNgattgactaN","23625 / 23635 / 23638","",3,"0.246 / 0.184 / 0.226"
"tcagactcagactaattctcct",22,23584,23605,55.4,40.91,"gtaggcaatgatggattgactag",23,23625,23647,56.02,43.48,0.62,64,9,2.476,1.925,"tcaNactNaNactaaNtctcNt","23587 / 23591 / 23593 / 23599 / 23604","B.1.1.7 / B.1.1.529 / C.1.2 / B.1.621",5,"0.44 / 0.165 / 0.644 / 42.28 / 88.025","gtaggcaatNatNgattgactaN","23625 / 23635 / 23638","",3,"0.246 / 0.184 / 0.226"
"tacactatgtcacttggtgc",20,23645,23664,55.11,45,"tgtacaatctactgatgtcttggtc",25,23755,23779,58.37,40,3.26,135,11,0.199,0.852,"tacactatgtcactNggtgN","23659 / 23664","B.1.351",2,"0.183 / 1.426","tgtacaatctacNgatgtcttNgNc","23756 / 23758 / 23767","",3,"0.316 / 0.301 / 0.211"
"actctattgccatacccaca",20,23691,23710,55.91,45,"tgtacaatctactgatgtcttggtc",25,23755,23779,58.37,40,2.46,89,7,0.605,0.852,"actctattgccataccNaNa","23707 / 23709","B.1.1.7 / C.1.2",2,"0.259 / 11.951","tgtacaatctacNgatgtcttNgNc","23756 / 23758 / 23767","",3,"0.316 / 0.301 / 0.211"
"aaaccgtgctttaactggaa",20,23851,23870,55.79,40,"cttcaataaatgacctcttgcttgg",25,23996,24020,57.94,40,2.15,170,6,0.872,0.568,"aaaNcgtgctttaactgNaa","23854 / 23868","B.1.1.529",2,"41.781 / 0.212","cttcaataaatgacctcttgcttgg","","",0,""
"acttcaagatgtggtcaacc",20,24403,24422,55.57,45,"ttcagcctcaactttgtcaaga",22,24511,24532,57.86,40.91,2.29,130,7,0.35,0.627,"acttcaaNatgtggtcaacc","24410","B.1.617.2 / B.1.621",1,"32.552","ttcagcctcaactttgtcaaga","","",0,""
"ttcaagatgtggtcaaccaa",20,24405,24424,55.08,40,"ttcagcctcaactttgtcaaga",22,24511,24532,57.86,40.91,2.78,128,7,0.536,0.627,"ttcaaNatgtggtcaaccaN","24410 / 24424","B.1.617.2 / B.1.1.529 / B.1.621",2,"32.552 / 42.26","ttcagcctcaactttgtcaaga","","",0,""
"tcctttcacgtcttgacaaa",20,24501,24520,55.16,40,"tgtctgcaaactttgaagtctg",22,24559,24580,57.14,40.91,1.98,80,2,0.299,0.607,"tcNttNcacgtcttgacaaa","24503 / 24506","B.1.1.7 / B.1.1.529",2,"12.84 / 11.857","tgtctgcaaactttgaagtctg","","",0,""
"tcacgtcttgacaaagttga",20,24506,24525,55.19,40,"tgtctgcaaactttgaagtctg",22,24559,24580,57.14,40.91,1.95,75,1,0.322,0.607,"Ncacgtcttgacaaagttga","24506","B.1.1.7",1,"11.857","tgtctgcaaactttgaagtctg","","",0,""
"tctgctaatcttgctgctac",20,24623,24642,55.26,45,"tacaccatgaggtgctgac",19,24724,24742,56.48,52.63,1.22,120,1,0.037,0.839,"tctgctaatcttgctgctaN","24642","P.1",1,"1.134","tacaccatgaggtgctgac","","",0,""
"tgacttatgtccctgcacaa",20,24756,24775,56.76,45,"tgtgttacaaaccagtgtgt",20,24860,24879,56,40,0.75,124,9,0.707,1.203,"tgacttatgtccctgcacaN","24775","B.1.617.1",1,"0.097","tgtgttaNaaaccaNtNtgt","24863 / 24865 / 24872","",3,"0.14 / 0.134 / 0.504"
"tctggcattaatgcttcagt",20,25070,25089,55.02,40,"cattactatggcaatcaagcca",22,25228,25249,55.75,40.91,0.73,180,9,0.402,0.914,"tctggcattaatgcttcaNt","25088","",1,"1.233","NattaNtatggcaatcaagcca","25244 / 25249","",2,"0.148 / 0.114"
"tcaaggatgctactccttca",20,25451,25470,55.56,45,"caaagtgaacacccttggag",20,25611,25630,56.56,50,1,180,40,0.717,1.298,"tNaaNgatNNtaNtccttNa","25452 / 25455 / 25459 / 25460 / 25463 / 25469","B.1.617.1 / B.1.617.2",6,"0.24 / 0.16 / 0.107 / 0.17 / 0.12 / 33.237","caaaNtNaaNaccNttNNag","25613 / 25614 / 25617 / 25621 / 25624 / 25626","",6,"0.237 / 1.517 / 0.124 / 0.209 / 1.784 / 0.252"
"caattgtcattacttcaggtgatgg",25,25889,25913,58.44,40,"ccaatctggtagtcatgttcagaaa",25,25928,25952,58.53,40,0.09,64,7,0.372,1.851,"HaattgtcattacttBaNNtgatgN","25889 / 25904 / 25906 / 25907 / 25913","B.1.1.7 / B.1.351",5,"0.168 / 0.435 / 0.427 / 1.433 / 0.113","ccaatNtggtagtcatgttcagaaa","25947","",1,"0.273"
"cagacactggtgttgaacatgttac",25,26054,26078,60.5,44,"aatttggacatgttcttcaggc",22,26109,26130,56.06,40.91,4.45,77,10,0.486,1.502,"NagaNaNtNgtNttgaacatgttaN","26054 / 26058 / 26060 / 26062 / 26065 / 26078","C.1.2",6,"0.208 / 0.162 / 29.919 / 0.34 / 0.12 / 0.141","aatttggacatgttcttcaNNN","26109 / 26110 / 26111","",3,"0.217 / 0.217 / 0.195"
"caaattcacacaatcgacggttcat",25,26125,26149,60.84,40,"gtcggttcatcataaattggttcc",24,26172,26195,57.56,41.67,3.28,71,4,0.726,0.44,"caaattcacacaatcgacggttcaN","26149","P.1",1,"1.039","gtcggttcatcataaattggttcN","26172","",1,"0.114"
"caatcgacggttcatccggag",21,26135,26155,61.13,57.14,"gtcggttcatcataaattggttcc",24,26172,26195,57.56,41.67,3.57,61,4,0.487,0.44,"caatcgacggttcaNcNggag","26149 / 26151","P.1",2,"1.039 / 0.225","gtcggttcatcataaattggttcN","26172","",1,"0.114"
"caatcgacggttcatccggagttg",24,26135,26158,63.98,54.17,"gtcggttcatcataaattggttcca",25,26171,26195,59.06,40,4.93,61,4,0.151,0.44,"caatcgacggttcaNcNggagttg","26149 / 26151","P.1",2,"1.039 / 0.225","gtcggttcatcataaattggttcNa","26172","",1,"0.114"
"aatcgacggttcatccggagttgt",24,26136,26159,64.44,50,"cgtcggttcatcataaattggttcc",25,26172,26196,60.16,44,4.27,61,4,0.165,0.437,"aatcgacggttcaNcNggagttgt","26149 / 26151","P.1",2,"1.039 / 0.225","cgtcggttcatcataaattggttcN","26172","",1,"0.114"
"aatcgacggttcatccggagttgtt",25,26136,26160,64.75,48,"cgtcggttcatcataaattggttcc",25,26172,26196,60.16,44,4.58,61,4,0.492,0.437,"aatcgacggttcaNcNggagttgtt","26149 / 26151","P.1",2,"1.039 / 0.225","cgtcggttcatcataaattggttcN","26172","",1,"0.114"
"atcgacggttcatccggagttgtta",25,26137,26161,64.07,48,"cgtcggttcatcataaattggttcc",25,26172,26196,60.16,44,3.9,60,4,0.492,0.437,"atcgacggttcaNcNggagttgttN","26149 / 26151 / 26161","P.1 / B.1.621",3,"1.039 / 0.225 / 0.012","cgtcggttcatcataaattggttcN","26172","",1,"0.114"
"ccggagttgttaatccagtaatgg",24,26150,26173,59.43,45.83,"cgctagtagtcgtcgtcggt",20,26190,26209,63.54,60,4.11,60,3,0.212,0.363,"cNggagttgttNatccagtaatNg","26151 / 26161 / 26172","B.1.621",3,"0.225 / 0.012 / 0.114","cgctagtagtcgtcgtcggt","","",0,""
"tgtactcattcgtttcggaagagac",25,26246,26270,60.85,44,"gcagtaaggatggctagtgta",21,26331,26351,57.63,47.62,3.22,106,5,0.257,0.321,"tgtactcattNgtttcggaagagaB","26256 / 26270","",2,"0.18 / 42.154","gcagtaaggatggctagtgta","","",0,""
"tttcttgctttcgtggtattcttgc",25,26302,26326,60.79,40,"cagaagatcaggaactctagaagaa",25,26442,26466,57.6,40,3.19,165,7,0.033,0.412,"tttNttgctttNgtggtattcttgc","26305 / 26313","C.1.2",2,"0.124 / 0.108","caNaagatcaNgaactctagaagaa","26456 / 26464","B.1.351",2,"0.202 / 0.303"
"atggcagattccaacggt",18,26523,26540,56.5,50,"ggcataggcaaattgtagaagaca",24,26619,26642,58.89,41.67,2.39,120,10,0.832,1.43,"atgNNaNNttccaacggt","26526 / 26527 / 26529 / 26530","B.1.1.529",4,"0.242 / 0.106 / 11.843 / 12.424","ggcataggcaaattgtaNaagaca","26625","",1,"0.216"
"aaagctccttgaacaatgga",20,26564,26583,55.14,40,"ggcataggcaaattgtagaagaca",24,26619,26642,58.89,41.67,3.75,79,6,0.188,1.43,"aaagctccttgaaNaatgga","26577","B.1.1.529",1,"41.583","ggcataggcaaattgtaNaagaca","26625","",1,"0.216"
"aggtttcctattccttacatgg",22,26594,26615,55.21,40.91,"gatagcaattccaccggtgat",21,26748,26768,56.91,47.62,1.7,175,14,0.509,0.957,"aggtttcctaNtNNttaNatgg","26604 / 26606 / 26607 / 26611","C.1.2",4,"0.221 / 0.188 / 0.094 / 0.163","gNtagNaatNccaccggtgat","26759 / 26763 / 26767","B.1.617.1",3,"0.127 / 0.3 / 33.414"
"tttcctctggctgttatggc",20,26678,26697,57.87,50,"gatagcaattccaccggtgat",21,26748,26768,56.91,47.62,0.96,91,8,0.453,0.957,"tttNctctggctNttatggc","26681 / 26690","B.1.617.1",2,"1.156 / 0.152","gNtagNaatNccaccggtgat","26759 / 26763 / 26767","B.1.617.1",3,"0.127 / 0.3 / 33.414"
"tggctgttatggccagtaactttag",25,26685,26709,61.09,44,"gatagcaattccaccggtgat",21,26748,26768,56.91,47.62,4.18,84,7,1.13,0.957,"tggctNttatggccagtaactttaD","26690 / 26709","B.1.1.529",2,"0.152 / 41.937","gNtagNaatNccaccggtgat","26759 / 26763 / 26767","B.1.617.1",3,"0.127 / 0.3 / 33.414"
"ggatcaccggtggaattgctat",22,26746,26767,60.49,50,"ggtcagaatagtgccatgga",20,26893,26912,56.07,50,4.42,167,15,0.602,1.145,"ggatcaccggtggNattNctaN","26759 / 26763 / 26767","B.1.617.1",3,"0.127 / 0.3 / 33.414","ggtcaNaatagtgccatNNa","26894 / 26895 / 26907","C.37",3,"0.216 / 0.134 / 0.133"
"taacattcttctcaacgtgccactc",25,26870,26894,61.53,44,"atggtgtccagcaatacgaagatgt",25,26963,26987,61.56,44,0.03,118,12,0.734,1.209,"taaNatHcttctNaaHgtgccactN","26873 / 26876 / 26882 / 26885 / 26894","C.37",5,"0.241 / 0.401 / 0.147 / 0.209 / 0.216","atggtgtccagcaatNcgaagatgt","26972","",1,"0.249"
"tgacactgtgatagaagtgc",20,2746,2765,55.13,45,"gaactcatttacttctgtaccgagt",25,2854,2878,59.35,40,4.23,133,8,0.607,1.008,"NgaNactgtgatagaagtgc","2746 / 2749","P.1",2,"0.194 / 1.065","gaactcatttacttctgtaccgagt","","",0,""
"ctatcagttacgtgccagatcagt",24,27615,27638,60.2,45.83,"acactattgccgcaacaata",20,27699,27718,55.49,40,4.71,104,15,0.185,0.62,"ctatcagttacgtgNNaNatcagN","27629 / 27630 / 27632 / 27638","",4,"0.158 / 0.157 / 0.137 / 32.775","acactattgccNcaacaata","27707","",1,"0.116"
"atcacaactgtagctgcatt",20,27921,27940,55.34,40,"tgatttagaaccagcctcatcca",23,28078,28100,58.65,43.48,3.31,180,29,1.898,1.77,"atNaNaactgtagctgcatt","27923 / 27925","B.1.621",2,"0.113 / 0.73","tgattNaNaaNcaNNctNatcNa","28079 / 28083 / 28086 / 28087 / 28090 / 28093 / 28095","B.1.621",7,"0.186 / 0.114 / 0.425 / 0.652 / 0.148 / 0.562 / 4.322"
"tacagtcatgtactcaacatcaacc",25,27958,27982,58.84,40,"tcgatgtactgaatgggtgatt",22,28096,28117,56.28,40.91,2.55,160,26,0.64,1.863,"tacagtNatNtactNaacatcaacc","27964 / 27967 / 27972","B.1.1.7",3,"1.52 / 0.292 / 12.036","tcgatgNaNtgaatgggtgatt","28109 / 28111","",2,"0.185 / 11.861"
"ccatatgtagttgatgacccgtgtc",25,27981,28005,61.25,48,"tcgatgtactgaatgggtgatt",22,28096,28117,56.28,40.91,4.97,137,23,0.773,1.863,"ccatNtgtagttgatgacNcNtgtN","27985 / 27999 / 28001 / 28005","B.1.621",4,"0.337 / 0.298 / 0.335 / 0.199","tcgatgNaNtgaatgggtgatt","28109 / 28111","",2,"0.185 / 11.861"
"tgcgtggatgaggctggttc",20,28074,28093,62.8,60,"acgcactacaagactacccaattta",25,28172,28196,61.32,40,1.48,123,16,1.507,1.813,"tNcNtNgatNagNNtgNttN","28075 / 28077 / 28079 / 28083 / 28086 / 28087 / 28090 / 28093","B.1.621",8,"0.289 / 0.383 / 0.186 / 0.114 / 0.425 / 0.652 / 0.148 / 0.562","acgcaNtacaagactacccaattta","28191","",1,"0.138"
"ctggttctaaatcacccattcagta",25,28087,28111,58.59,40,"acgcactacaagactacccaattta",25,28172,28196,61.32,40,2.74,110,11,1.198,1.813,"NtgNttNtNaatcacccattcaNtN","28087 / 28090 / 28093 / 28095 / 28109 / 28111","B.1.621",6,"0.652 / 0.148 / 0.562 / 4.322 / 0.185 / 11.861","acgcaNtacaagactacccaattta","28191","",1,"0.138"
"aaatcacccattcagtacatcg",22,28095,28116,56.5,40.91,"acgcactacaagactacccaattta",25,28172,28196,61.32,40,4.82,102,8,1.905,1.813,"NaatcacccattcaNtNcatcg","28095 / 28109 / 28111","",3,"4.322 / 0.185 / 11.861","acgcaNtacaagactacccaattta","28191","",1,"0.138"
"ttaattgccaggaacctaaattggg",25,28156,28180,59.81,40,"cacgaacgtcatgatactctaa",22,28218,28239,56.25,40.91,3.56,84,6,1.204,1.055,"ttaattgccagNaaHctaaattggg","28167 / 28170","P.1",2,"1.037 / 0.699","cacNaacgtcatgatactctaa","28236","",1,"0.203"
"aatgagaagtgctctgcct",19,2825,2843,56.33,47.37,"atctaaatcaatgcccagtggt",22,2938,2959,56.3,40.91,0.03,135,9,0.519,1.756,"aatgagNNgtgctctgNNt","2831 / 2832 / 2841 / 2842","B.1.1.529",4,"0.001 / 12.618 / 0.107 / 0.145","atctaNatcaatgccNagtggt","2944 / 2954","",2,"0.187 / 1.01"
"cccgcattacgtttggtgg",19,28311,28329,59.5,57.89,"ctgcgttctccattctggttactgc",25,28347,28371,63.81,52,4.32,61,8,0.079,0.857,"NNcgcattacgtttgNtgg","28311 / 28312 / 28326","B.1.1.529 / C.37 / C.1.2",3,"42.522 / 0.769 / 0.441","NtgcgttcNccattctggttactgc","28363 / 28371","",2,"0.202 / 1.092"
"tcactcaacatggcaaggaaga",22,28440,28461,59.89,45.45,"ccaatttggtcatctggactg",21,28507,28527,55.63,47.62,4.26,88,7,0.383,0.944,"tcactcaacatggcaaggaaNN","28460 / 28461","B.1.617.2",2,"0.15 / 32.538","ccaatttggtcDtctNgactg","28512 / 28516","P.1 / C.1.2",2,"1.038 / 0.02"
"ttccaattaacaccaatagcagtcc",25,28488,28512,59.58,40,"agcaccatagggaagtcc",18,28631,28648,55.23,55.56,4.35,161,8,0.81,0.794,"ttccaattaaNaccaatagcagtcN","28498 / 28512","P.1",2,"0.213 / 1.038","agcaccatagggaagtcc","","",0,""
"attaacaccaatagcagtccagatg",25,28493,28517,59.18,40,"agcaccatagggaagtcc",18,28631,28648,55.23,55.56,3.94,156,8,0.22,0.794,"attaaNaccaatagcagtcNagaHg","28498 / 28512 / 28516","P.1 / C.1.2",3,"0.213 / 1.038 / 0.02","agcaccatagggaagtcc","","",0,""
"agatgaccaaattggctactac",22,28513,28534,55.87,40.91,"agcaccatagggaagtcc",18,28631,28648,55.23,55.56,0.64,136,6,0.02,0.794,"agaHgaccaaattggctaHtac","28516 / 28531","C.1.2",2,"0.02 / 0.239","agcaccatagggaagtcc","","",0,""
"ctactaccgaagagctaccagac",23,28528,28550,59.44,52.17,"agcaccatagggaagtcc",18,28631,28648,55.23,55.56,4.21,121,5,0.366,0.794,"ctaHtaccgaagaNctaccagac","28531 / 28541","",2,"0.239 / 0.214","agcaccatagggaagtcc","","",0,""
"ctaccgaagagctaccagacg",21,28531,28551,59.67,57.14,"agcaccatagggaagtcc",18,28631,28648,55.23,55.56,4.44,118,5,0.368,0.794,"HtaccgaagaNctaccagacg","28531 / 28541","",2,"0.239 / 0.214","agcaccatagggaagtcc","","",0,""
"taccgaagagctaccagacga",21,28532,28552,60.07,52.38,"agcaccatagggaagtcc",18,28631,28648,55.23,55.56,4.83,117,4,0.078,0.794,"taccgaagaNctaccagacga","28541","",1,"0.214","agcaccatagggaagtcc","","",0,""
"ccgaagagctaccagacgaa",20,28534,28553,59.19,55,"agcaccatagggaagtcc",18,28631,28648,55.23,55.56,3.96,115,4,0.43,0.794,"ccgaagaNctaccagacgaa","28541","",1,"0.214","agcaccatagggaagtcc","","",0,""
"ccgaagagctaccagacgaat",21,28534,28554,59.59,52.38,"agcaccatagggaagtcc",18,28631,28648,55.23,55.56,4.36,115,4,0.425,0.794,"ccgaagaNctaccagacgaat","28541","",1,"0.214","agcaccatagggaagtcc","","",0,""
"ccgaagagctaccagacgaatt",22,28534,28555,60.16,50,"agcaccatagggaagtcc",18,28631,28648,55.23,55.56,4.93,115,4,0.421,0.794,"ccgaagaNctaccagacgaatt","28541","",1,"0.214","agcaccatagggaagtcc","","",0,""
"cgaagagctaccagacgaattc",22,28535,28556,58.89,50,"agcaccatagggaagtcc",18,28631,28648,55.23,55.56,3.66,114,4,0.417,0.794,"cgaagaNctaccagacgaattc","28541","",1,"0.214","agcaccatagggaagtcc","","",0,""
"gaagagctaccagacgaattcg",22,28536,28557,58.89,50,"agcaccatagggaagtcc",18,28631,28648,55.23,55.56,3.66,113,4,0.409,0.794,"gaagaNctaccagacgaattcg","28541","",1,"0.214","agcaccatagggaagtcc","","",0,""
"aagagctaccagacgaattcgt",22,28537,28558,59.51,45.45,"agcaccatagggaagtcc",18,28631,28648,55.23,55.56,4.28,112,4,0.115,0.794,"aagaNctaccagacgaattcgt","28541","",1,"0.214","agcaccatagggaagtcc","","",0,""
"agagctaccagacgaattcgtg",22,28538,28559,60.16,50,"agcaccatagggaagtcc",18,28631,28648,55.23,55.56,4.93,111,4,0.111,0.794,"agaNctaccagacgaattcgtg","28541","",1,"0.214","agcaccatagggaagtcc","","",0,""
"agctaccagacgaattcgtgg",21,28540,28560,60.14,52.38,"agcaccatagggaagtcc",18,28631,28648,55.23,55.56,4.9,109,4,0.116,0.794,"aNctaccagacgaattcgtgg","28541","",1,"0.214","agcaccatagggaagtcc","","",0,""
"ctaccagacgaattcgtggt",20,28542,28561,57.35,50,"agcaccatagggaagtcc",18,28631,28648,55.23,55.56,2.12,107,3,0.129,0.794,"ctaccagacgaattcgtggt","","",0,"","agcaccatagggaagtcc","","",0,""
"ctaccagacgaattcgtggtg",21,28542,28562,58.74,52.38,"agcaccatagggaagtcc",18,28631,28648,55.23,55.56,3.51,107,3,0.121,0.794,"ctaccagacgaattcgtggtg","","",0,"","agcaccatagggaagtcc","","",0,""
"taccagacgaattcgtggtgg",21,28543,28563,60.07,52.38,"agcaccatagggaagtcc",18,28631,28648,55.23,55.56,4.84,106,3,0.121,0.794,"taccagacgaattcgtggtgg","","",0,"","agcaccatagggaagtcc","","",0,""
"cagacgaattcgtggtggt",19,28546,28564,57.79,52.63,"agcaccatagggaagtcc",18,28631,28648,55.23,55.56,2.56,103,3,0.135,0.794,"cagacgaattcgtggtggt","","",0,"","agcaccatagggaagtcc","","",0,""
"cagacgaattcgtggtggtg",20,28546,28565,59.21,55,"agcaccatagggaagtcc",18,28631,28648,55.23,55.56,3.98,103,3,0.126,0.794,"cagacgaattcgtggtggtg","","",0,"","agcaccatagggaagtcc","","",0,""
"agacgaattcgtggtggtga",20,28547,28566,59.32,50,"agcaccatagggaagtcc",18,28631,28648,55.23,55.56,4.09,102,3,0.123,0.794,"agacgaattcgtggtggtga","","",0,"","agcaccatagggaagtcc","","",0,""
"gaattcgtggtggtgacg",18,28551,28568,56.15,55.56,"agcaccatagggaagtcc",18,28631,28648,55.23,55.56,0.92,98,3,0.081,0.794,"gaattcgtggtggtgacg","","",0,"","agcaccatagggaagtcc","","",0,""
"aattcgtggtggtgacgg",18,28552,28569,57.63,55.56,"agcaccatagggaagtcc",18,28631,28648,55.23,55.56,2.4,97,3,0.081,0.794,"aattcgtggtggtgacgg","","",0,"","agcaccatagggaagtcc","","",0,""
"attcgtggtggtgacggt",18,28553,28570,58.86,55.56,"agcaccatagggaagtcc",18,28631,28648,55.23,55.56,3.62,96,3,0.344,0.794,"attcgtggtggtgacggt","","",0,"","agcaccatagggaagtcc","","",0,""
"ttcgtggtggtgacggta",18,28554,28571,58.15,55.56,"agcaccatagggaagtcc",18,28631,28648,55.23,55.56,2.91,95,3,0.274,0.794,"ttcgtggtggtgacggta","","",0,"","agcaccatagggaagtcc","","",0,""
"tcgtggtggtgacggtaa",18,28555,28572,58.15,55.56,"agcaccatagggaagtcc",18,28631,28648,55.23,55.56,2.91,94,3,0.268,0.794,"tcgtggtggtgacggtaa","","",0,"","agcaccatagggaagtcc","","",0,""
"cgtggtggtgacggtaaa",18,28556,28573,57.25,55.56,"agcaccatagggaagtcc",18,28631,28648,55.23,55.56,2.01,93,3,0.272,0.794,"cgtggtggtgacggtaaa","","",0,"","agcaccatagggaagtcc","","",0,""
"tacctaggaactgggccagaag",22,28607,28628,60.89,54.55,"cgattgcagcattgttagca",20,28726,28745,56.32,45,4.58,139,15,0.076,0.823,"tacctaggaactgggccagaaN","28628","P.2",1,"0.187","cNattgcagcattgttagNa","28727 / 28744","",2,"0.193 / 0.233"
"aagaaattcaactccaggcagcag",24,28855,28878,61.82,45.83,"atctgtcaagcagcagcaaa",20,28933,28952,56.96,45,4.87,98,21,0.075,1.476,"aaNaaattcaactNNaggcagcNN","28857 / 28868 / 28869 / 28877 / 28878","P.1",5,"0.114 / 0.104 / 1.811 / 1.842 / 1.989","atctNtcaagcagcagcaaa","28948","",1,"0.133"
"aaattcaactccaggcagcagtag",24,28858,28881,61.34,45.83,"atctgtcaagcagcagcaaa",20,28933,28952,56.96,45,4.39,95,20,0.077,1.476,"aaattcaactNNaggcagcNNNaN","28868 / 28869 / 28877 / 28878 / 28879 / 28881","B.1.1.7 / P.1 / P.2 / B.1.1.529 / C.1.2",6,"0.104 / 1.811 / 1.842 / 1.989 / 0.139 / 91.249","atctNtcaagcagcagcaaa","28948","",1,"0.133"
"tcaactccaggcagcagtagg",21,28862,28882,61.78,57.14,"atctgtcaagcagcagcaaa",20,28933,28952,56.96,45,4.83,91,20,0.086,1.476,"tcaactNNaggcagcNNNaNN","28868 / 28869 / 28877 / 28878 / 28879 / 28881 / 28882","B.1.1.7 / P.1 / P.2 / B.1.1.529 / C.37 / C.1.2",7,"0.104 / 1.811 / 1.842 / 1.989 / 0.139 / 91.249 / 57.589","atctNtcaagcagcagcaaa","28948","",1,"0.133"
"aactccaggcagcagtaggg",20,28864,28883,61.56,60,"atctgtcaagcagcagcaaa",20,28933,28952,56.96,45,4.6,89,20,0.09,1.476,"aactNNaggcagcNNNaNNN","28868 / 28869 / 28877 / 28878 / 28879 / 28881 / 28882 / 28883","B.1.1.7 / P.1 / P.2 / B.1.1.529 / C.37 / C.1.2",8,"0.104 / 1.811 / 1.842 / 1.989 / 0.139 / 91.249 / 57.589 / 57.653","atctNtcaagcagcagcaaa","28948","",1,"0.133"
"gggaacttctcctgctaga",19,28882,28900,55.41,52.63,"atctgtcaagcagcagcaaa",20,28933,28952,56.96,45,1.55,71,14,0.455,1.476,"NNNaaNttctNctNctaNa","28882 / 28883 / 28884 / 28887 / 28892 / 28895 / 28899","B.1.1.7 / P.1 / B.1.351 / P.2 / B.1.1.529 / C.37 / C.1.2 / B.1.621",7,"57.589 / 57.653 / 0.926 / 1.227 / 0.128 / 0.369 / 0.116","atctNtcaagcagcagcaaa","28948","",1,"0.133"
"ggaacttctcctgctagaatg",21,28883,28903,55.77,47.62,"atctgtcaagcagcagcaaa",20,28933,28952,56.96,45,1.18,70,13,0.229,1.476,"NNaaNttctNctNctaNaatN","28883 / 28884 / 28887 / 28892 / 28895 / 28899 / 28903","B.1.1.7 / P.1 / B.1.351 / P.2 / B.1.1.529 / C.37 / C.1.2 / B.1.621",7,"57.653 / 0.926 / 1.227 / 0.128 / 0.369 / 0.116 / 0.114","atctNtcaagcagcagcaaa","28948","",1,"0.133"
"gaacttctcctgctagaatgg",21,28884,28904,55.77,47.62,"atctgtcaagcagcagcaaa",20,28933,28952,56.96,45,1.18,69,12,0.239,1.476,"NaaNttctNctNctaNaatNg","28884 / 28887 / 28892 / 28895 / 28899 / 28903","B.1.351 / B.1.621",6,"0.926 / 1.227 / 0.128 / 0.369 / 0.116 / 0.114","atctNtcaagcagcagcaaa","28948","",1,"0.133"
"cctgctagaatggctggcaatg",22,28892,28913,61.91,54.55,"atctgtcaagcagcagcaaa",20,28933,28952,56.96,45,4.95,61,10,1.194,1.476,"NctNctaNaatNgNtggNaatN","28892 / 28895 / 28899 / 28903 / 28905 / 28909 / 28913","B.1.1.7 / C.37",7,"0.128 / 0.369 / 0.116 / 0.114 / 0.112 / 0.122 / 0.094","atctNtcaagcagcagcaaa","28948","",1,"0.133"
"gctagaatggctggcaatggcg",22,28895,28916,64.69,59.09,"tcaatctgtcaagcagcagcaaa",23,28933,28955,60.24,43.48,4.44,61,9,0.92,1.463,"NctaNaatNgNtggNaatNgcN","28895 / 28899 / 28903 / 28905 / 28909 / 28913 / 28916","B.1.1.7 / B.1.617.2 / C.37",7,"0.369 / 0.116 / 0.114 / 0.112 / 0.122 / 0.094 / 29.627","tcaatctNtcaagcagcagcaaa","28948","",1,"0.133"
"ggtgatgctgctcttgct",18,28916,28933,57.68,55.56,"gttggcctttaccagacatt",20,28972,28991,55.67,45,2.02,76,10,0.867,0.768,"NgtgatgctgctcttgNt","28916 / 28932","B.1.617.2",2,"29.627 / 1.735","gttggcNtttaccaNaNatt","28975 / 28977 / 28985","B.1.1.7 / P.2",3,"1.64 / 11.89 / 0.132"
"aaatgtctggtaaaggccaa",20,28971,28990,55.12,40,"cgaaagcttgtgttacattgtatgc",25,29072,29096,59.5,40,4.38,126,9,0.185,1.24,"aaatNtNtggtaaaNgccaa","28975 / 28977 / 28985","B.1.1.7 / P.2",3,"1.64 / 11.89 / 0.132","cDaaagcttgtDttaNattDtatgc","29077 / 29081 / 29085 / 29095","",4,"0.174 / 0.255 / 0.106 / 0.485"
"tctggtaaaggccaacaac",19,28976,28994,55.31,47.37,"cgaaagcttgtgttacattgtatgc",25,29072,29096,59.5,40,4.19,121,8,0.046,1.24,"tNtggtaaaNgccaacaac","28977 / 28985","B.1.1.7",2,"11.89 / 0.132","cDaaagcttgtDttaNattDtatgc","29077 / 29081 / 29085 / 29095","",4,"0.174 / 0.255 / 0.106 / 0.485"
"aagaagaaggctgatgaaactc",22,29390,29411,56.36,40.91,"ctgctcatggattgttgcaa",20,29492,29511,55.19,45,1.16,122,18,0.509,0.949,"aaNaagaagNctNatgaaaNtc","29392 / 29399 / 29402 / 29409","B.1.617.1 / B.1.617.2",4,"0.257 / 0.404 / 33.493 / 0.2","NNNcNcatggattgttgcaa","29507 / 29509 / 29510 / 29511","",4,"0.238 / 1.42 / 29.319 / 0.105"
"gatgaaactcaagccttaccgcag",24,29402,29425,62.2,50,"cactgctcatggattgttgcaa",22,29492,29513,58.37,45.45,3.83,112,16,0.213,0.928,"NatgaaaNtcaagccttaNNNcaN","29402 / 29409 / 29420 / 29421 / 29422 / 29425","B.1.617.1 / B.1.617.2 / C.1.2",6,"33.493 / 0.2 / 0.144 / 0.178 / 0.545 / 0.047","caNNNcNcatggattgttgcaa","29507 / 29509 / 29510 / 29511","",4,"0.238 / 1.42 / 29.319 / 0.105"
"gaaactcaagccttaccgcag",21,29405,29425,59.53,52.38,"ctgctcatggattgttgcaa",20,29492,29511,55.19,45,4.34,107,15,0.253,0.949,"gaaaNtcaagccttaNNNcaN","29409 / 29420 / 29421 / 29422 / 29425","C.1.2",5,"0.2 / 0.144 / 0.178 / 0.545 / 0.047","NNNcNcatggattgttgcaa","29507 / 29509 / 29510 / 29511","",4,"0.238 / 1.42 / 29.319 / 0.105"
"ttctaccctccagatgagga",20,3035,3054,56.45,50,"gctcttcttcaggttgaagagcag",24,3165,3188,61.14,50,4.69,154,7,0.312,1.988,"ttNtaccctcNagatgagga","3037 / 3045","B.1.1.7 / P.1 / B.1.351 / B.1.617.1 / B.1.617.2 / P.2 / C.37 / C.1.2 / B.1.621",2,"99.465 / 0.112","gctcttcttcaNNttgaagagcag","3176 / 3177","",2,"0.109 / 0.528"
"gtgaggacaatcagacaactac",22,3246,3267,56.48,45.45,"tctctaattgaggttgaacctcaac",25,3281,3305,58.77,40,2.29,60,6,2.824,2.47,"gtgaNgacaaNcaNaNaaNtaN","3250 / 3256 / 3259 / 3261 / 3264 / 3267","B.1.1.7",6,"0.126 / 0.1 / 0.158 / 0.142 / 0.105 / 11.954","tctctaattgaggttgaacctcaac","","",0,""
"ccaacagtggttgttaatgc",20,3425,3444,55.46,45,"cactttaagtggtccattagtagct",25,3538,3562,59.42,40,3.96,138,3,0.266,1.978,"ccaNcaNtggttgttaatgc","3428 / 3431","B.1.621",2,"0.132 / 0.106","cactttaagtggtccattagtagct","","",0,""
"atgcagccaatgtttacct",19,3441,3459,55.02,42.11,"cactttaagtggtccattagtagct",25,3538,3562,59.42,40,4.4,122,1,0.867,1.978,"atgcagccaatgtttacct","","",0,"","cactttaagtggtccattagtagct","","",0,""
"acaactctggaagaaactaagttcc",25,3986,4010,58.94,40,"aatgtcactaacaagagtggc",21,4067,4087,55.94,42.86,3,102,4,0.528,1.834,"acaactctNgaagaaaNtaagttcc","3994 / 4002","C.37 / C.1.2",2,"0.162 / 0.247","aatNtcactaacaagagtggc","4084","",1,"0.227"
"aaaggctggtggcactac",18,4177,4194,57.18,55.56,"cctcctctacagtgtaaccattta",24,4266,4289,58.56,41.67,1.38,113,7,0.101,1.651,"aaagNcNNgtggcactac","4181 / 4183 / 4184","B.1.617.2",3,"29.417 / 0.102 / 29.307","cctcctctacagtDtaaccattta","4276","",1,"0.208"
"tacactagtaatcctaccacattcc",25,4874,4898,57.41,40,"agtcctcacttctctcaaagaa",22,4945,4966,56.43,40.91,0.98,93,8,1.033,1.201,"tacaNtagtaatcctaNHaNattcc","4878 / 4890 / 4891 / 4893","B.1.621",4,"0.158 / 0.136 / 0.301 / 0.373","aDtcctcacttctctcaaagaa","4965","B.1.617.1",1,"0.148"
"ttgagagaagtgaggactattaagg",25,4949,4973,57.59,40,"tgacatgtccacaacttgc",19,5008,5026,55.11,47.37,2.48,78,6,0.741,0.951,"ttgagagaagtgaggaHtattaagg","4965","B.1.617.1",1,"0.148","tNaNatgtccacaacttgN","5008 / 5023 / 5025","",3,"0.106 / 0.155 / 0.119"
"tttgagtactaccacacaactgatc",25,5159,5183,58.78,40,"ttaacaatgcagtggcaaga",20,5290,5309,55.34,40,3.44,151,10,0.676,1.435,"tttgaDtactaYcaHaHaactgatN","5164 / 5170 / 5173 / 5175 / 5183","C.1.2",5,"0.368 / 0.116 / 0.122 / 0.106 / 0.382","ttaacaatgcagtggcaaga","","",0,""
"agtggaaatacccacaagttaatgg",25,5229,5253,59.29,40,"ttaacaatgcagtggcaaga",20,5290,5309,55.34,40,3.95,81,3,0.885,1.435,"aNtggaaataHccacaagttaatgg","5230 / 5239","B.1.351",2,"0.265 / 1.348","ttaacaatgcagtggcaaga","","",0,""
"gctggtgaagctgctaac",18,5375,5392,56.1,55.56,"cttaagggttgtctgctgt",19,5536,5554,55.15,47.37,0.96,180,10,0.186,1.729,"gctggtgaagcNgNtaaH","5386 / 5388 / 5392","B.1.1.7",3,"12.92 / 11.875 / 0.231","cttaagggttgtctgNtgt","5539","",1,"0.165"
"tgtacgtgtggtaaacaagctacaa",25,5624,5648,60.91,40,"gtgtactcactagcacaagta",21,5728,5748,56.36,42.86,4.55,125,7,0.73,1.3,"tgtacNtgtggtaaNcaagctacaN","5629 / 5638 / 5648","P.1",3,"0.472 / 0.215 / 1.029","gtgtactcactagcacaaNta","5730","",1,"0.469"
"gcattcagtacggtcgtagtggtg",24,546,569,63.46,54.17,"cttgcggtaagccactggta",20,606,625,61.02,55,2.44,80,7,0.72,0.946,"gcattcagtaHggtcgtagtggtV","556 / 569","C.1.2",2,"0.106 / 0.034","NttgcggtaagcHactggta","613 / 625","",2,"0.105 / 0.164"
"ttcacagagcaaccaattgatcttg",25,5984,6008,60.28,40,"gctctcttgaagcaggtttcttat",24,6105,6128,58.6,41.67,1.68,145,9,0.593,1.366,"ttNacagagcaaccaattgatcttg","5986","B.1.1.7",1,"11.991","gctctcttgaagcaggtttctBat","6107","",1,"0.114"
"atccaaacgcaagcttcg",18,6024,6041,56.43,50,"gctctcttgaagcaggtttcttat",24,6105,6128,58.6,41.67,2.17,105,8,1.064,1.366,"atNNaaaNgcaagNttNg","6026 / 6027 / 6031 / 6037 / 6040","B.1.621",5,"0.189 / 0.282 / 0.15 / 0.189 / 2.075","gctctcttgaagcaggtttctBat","6107","",1,"0.114"
"aaaccagtctctgaagaagtagtgg",25,6398,6422,60.22,44,"tacataagcagccattagatctgtg",25,6541,6565,58.33,40,1.89,168,11,0.271,1.407,"aaaNNagtctNtgaagaagtagtNg","6401 / 6402 / 6408 / 6421","B.1.617.2",4,"0.173 / 29.865 / 0.399 / 0.133","tacataagcagccattagatctgtN","6541","",1,"0.189"
"gcaacctactgtactggttctatac",25,7100,7124,58.73,44,"ccactctgcaactaagcca",19,7228,7246,57.49,52.63,1.24,147,6,1.145,1.111,"gcaacctactgtaNtggttctataN","7113 / 7124","B.1.617.2 / C.37",2,"0.117 / 29.794","ccactctgcaactaagcca","","",0,""
"gcttggcactgatccttatgaagat",25,709,733,61.21,44,"cgcatgagttcacgggtaa",19,771,789,58.15,52.63,3.06,81,3,0.191,1.223,"gcttggcactgatccttatgaagaN","733","P.1",1,"1.023","cgcatgagttcacgggtaa","","",0,""
"aagaccaataaatcctactgaccag",25,7699,7723,58.35,40,"gatggaaccattcttcactgta",22,7747,7768,55.2,40.91,3.14,70,9,0.113,0.924,"Dagaccaataaatcctactgaccag","7699","C.1.2",1,"0.004","NNtNNaaccattcttcactNta","7749 / 7764 / 7765 / 7767 / 7768","",5,"0.101 / 0.212 / 0.18 / 0.31 / 0.27"
"cacaacattgctttgatatggaacg",25,8384,8408,59.71,40,"ctagtagttgcacatgtcaact",22,8487,8508,56.49,40.91,3.22,125,2,0.589,1.388,"cacaaHattNctttgatatggaacg","8389 / 8393","B.1.1.529",2,"0.115 / 12.894","ctagtagttgcacatgtcaact","","",0,""
"ggtaaagcttcatgcactttgtcc",24,890,913,60.85,45.83,"ttcagaacgttccgtgtac",19,985,1003,56.42,47.37,4.44,114,4,1.018,0.543,"ggtaaagcttcatgcactttgtcN","913","B.1.1.7",1,"11.898","ttcagaacgttccgtgtac","","",0,""
"ttagtccagagtactcaatggtctt",25,11045,11069,58.98,40,"tggcaagagaaggtaacaaa",20,11182,11201,55.18,40,3.8,157,8,0.924,0.516,"ttagtccagagtactcaatggtctt","","",0,"","HNgcaaNagaaggtaacaaa","11195 / 11200 / 11201","B.1.617.1 / B.1.617.2",3,"0.152 / 0.115 / 29.686"
"tttgttaccttctcttgccact",22,11182,11203,57.84,40.91,"acactacagctgatgcataca",21,11316,11336,56.61,42.86,1.22,155,7,0.816,0.213,"tttgttaccttctNttgcNDct","11195 / 11200 / 11201","B.1.617.1 / B.1.617.2",3,"0.152 / 0.115 / 29.686","aNacNacagctgatgcataca","11332 / 11335","",2,"29.462 / 0.118"
"gtatgatgatggtgctaggaga",22,11365,11386,56.85,45.45,"ggcttgatctaaagcattacca",22,11434,11455,56.01,40.91,0.85,91,6,1.107,0.121,"Ntatgatgatggtgctaggaga","11365","",1,"0.207","NgctYgatctaaagcattacca","11451 / 11455","B.1.621",2,"0.189 / 0.227"
"tgaattcacagggactactcc",21,11733,11753,56.74,47.62,"gatacaaggtttgccaccaa",20,11805,11824,55.96,45,0.78,92,7,1.232,0.547,"tgaattcacagggaNtaNtcc","11747 / 11750","B.1.351",2,"0.258 / 1.612","Datacaaggtttgccaccaa","11824","P.2",1,"0.244"
"gggctcaatgtgtccagtta",20,11928,11947,57.51,50,"cagcatttcttcacaaagcttg",22,12049,12070,56.01,40.91,1.5,143,11,1.167,0.709,"gggctcaatgYgtNcagtta","11938 / 11941","",2,"0.249 / 0.131","NaNcatttcttcacaaaNcttN","12049 / 12053 / 12068 / 12070","P.2",4,"0.589 / 0.21 / 0.229 / 0.16"
"acagatgtcttgtgctgcc",19,12715,12733,58.06,52.63,"gtaagctaacgcattgtcatca",22,12757,12778,56.9,40.91,1.16,64,7,0.772,0.242,"acaNatgtcttgtgctgcc","12718","",1,"0.147","NtaagcNaaNgcattgtcatca","12769 / 12772 / 12778","",3,"0.152 / 0.103 / 1.056"
"tagattccctaagagtgatggaact",25,12847,12871,58.56,40,"gacgtactgtggcagctaaa",20,13000,13019,58.92,50,0.37,173,9,0.675,0.081,"tagattccctaagagtgatggaact","","",0,"","NacgtactNtggcagctaaa","13011 / 13019","C.1.2",2,"0.139 / 2.522"
"tcagctgatgcacaatcg",18,13442,13459,55.47,50,"gtatacgacatcagtactagtgcc",24,13513,13536,59.38,45.83,3.9,95,5,1.045,0.123,"tcagctgatgcacaatNN","13458 / 13459","",2,"0.151 / 0.11","VtatacgacatcagtactaNtgcc","13517 / 13536","",2,"0.168 / 0.352"
"cttcacggaagagaggttaaa",21,14262,14282,55.28,42.86,"ggtgggaacactgtagagaataaa",24,14385,14408,58.74,41.67,3.46,147,5,1.56,0.54,"cttcacggaagagaggttaaa","","",0,"","NNtgggaacactgtagagaataaa","14407 / 14408","B.1.1.529",2,"0.153 / 99.614"
"tatgcacgctgcttctggtaatc",23,14577,14599,61.29,47.83,"ccgggtttgacagtttgaaa",20,14659,14678,57.02,45,4.27,102,2,0.861,0.004,"tatgcacgctgcttctggtaatN","14599","",1,"0.774","ccNggtttgacagtttgaaa","14676","B.1.1.7",1,"11.951"
"ctatggtggttggcacaac",19,15222,15240,56.51,52.63,"cccaacccataaggtgagg",19,15274,15292,57.1,57.89,0.6,71,6,0.667,0.327,"ctatggtggttggcaNaaH","15237 / 15240","",2,"0.353 / 14.129","cccaacccataagNtNagg","15277 / 15279","B.1.1.7",2,"0.319 / 11.89"
"catacaacgtgttgtagcttg",21,15364,15384,55.57,42.86,"cgccacacatgaccatttca",20,15432,15451,57.84,50,2.27,88,2,0.668,0.364,"catacaacNtgttgtagcttg","15372","",1,"0.141","Hgccacacatgaccatttca","15451","B.1.617.2",1,"33.328"
"gctacatgatgagttaacagga",22,16110,16131,55.64,40.91,"gttcccaataccttgaagtgttatc",25,16168,16192,57.91,40,2.28,83,3,0.903,0.204,"gNtacatgatgagttaacagga","16111","",1,"0.193","gttcccaataccttgaNgtNttatc","16173 / 16176","B.1.1.7",2,"0.104 / 11.865"
"taaacctagaccaccacttaacc",23,16746,16768,57.51,43.48,"agcatcaccatagtcacctt",20,16841,16860,55.31,45,2.2,115,1,1.216,0.122,"taaacctagaccaccacttaacc","","",0,"","agcatcacNatagtcacctt","16852","B.1.617.1",1,"0.088"
"cgctgttgatgcactatgtgag",22,17172,17193,59.97,50,"ctctacacgagcacgtgca",19,17241,17259,60.73,57.89,0.76,88,4,0.686,0.337,"cgctgttgatgcactatgtgaN","17193","",1,"0.118","Ntctacacgagcacgtgca","17259","P.1",1,"1.167"
"ttgcctgagacgacagca",18,17323,17340,58.86,55.56,"gttctagtgtgcccttagttagcaa",25,17467,17491,61.87,44,3.01,169,7,0.975,0.101,"ttgcctgaNacgacNgNa","17331 / 17337 / 17339","P.1",3,"0.32 / 0.133 / 0.315","Nttctagtgtgcccttagttagcaa","17491","B.1.351 / B.1.621",1,"0.152"
"gtagtaaggtaatcactgggttac",24,18071,18094,56.29,41.67,"tgccaggtatgtcaacaca",19,18154,18172,56.28,47.37,0.01,102,8,1.233,0.091,"gtagtaagNtaatcaNtgggttac","18079 / 18086","",2,"0.197 / 0.567","tNccaDgtaNgtcaacaca","18163 / 18167 / 18171","B.1.1.529",3,"42.159 / 0.364 / 0.134"
"acaaagcaaccatgatctgt",20,18798,18817,55.54,40,"gacacctagtcatgattgcatcaca",25,18853,18877,59.88,44,4.34,80,4,1.459,0.153,"acaaagNaaccatgatctNt","18804 / 18816","",2,"0.127 / 0.103","Nacacctagtcatgattgcatcaca","18877","B.1.621",1,"1.342"
"gcggcttgtagaaaggtt",18,18958,18975,55.26,50,"aatgtcgtgaagaactgggaa",21,19015,19035,57.14,42.86,1.88,78,7,0.948,0.372,"gcggcttgtagaaaggtt","","",0,"","NatgtcgtgaagaactggNaa","19017 / 19035","B.1.621",2,"0.206 / 0.12"
"gcggcttgtagaaaggtt",18,18958,18975,55.26,50,"aatagctttagggttaccaatgtcg",25,19029,19053,59.7,40,4.44,96,8,0.948,0.568,"gcggcttgtagaaaggtt","","",0,"","NatagctttagggttaccNatgtcg","19035 / 19053","C.1.2 / B.1.621",2,"0.12 / 0.007"
"gcggcttgtagaaaggtt",18,18958,18975,55.26,50,"cacacttaatagctttagggttacc",25,19036,19060,58.79,40,3.53,103,8,0.948,0.546,"gcggcttgtagaaaggtt","","",0,"","cacacttNatagctttagggttacc","19053","C.1.2",1,"0.007"
"tattgccactagtctctagtca",22,21582,21603,55.49,40.91,"gtgaaagaattagtgtatgcaggg",24,21637,21660,57.65,41.67,2.17,79,15,2.348,2.013,"tattgcNactagtNtNtaNtca","21588 / 21595 / 21597 / 21600","C.1.2",4,"0.043 / 2.748 / 0.162 / 0.511","gtNaaagaattagNgtatgNagNN","21637 / 21638 / 21641 / 21647 / 21658","P.1",5,"0.135 / 1.158 / 0.145 / 0.167 / 0.169"
"attgccactagtctctagtca",21,21583,21603,55.53,42.86,"gcatggaaccaagtaacattggaaa",25,21738,21762,59.76,40,4.23,180,23,2.345,1.255,"attgcNactagtNtNtaNtca","21588 / 21595 / 21597 / 21600","C.1.2",4,"0.043 / 2.748 / 0.162 / 0.511","NcatggaaccaagtaacattNgaaa","21742 / 21762","B.1.351 / B.1.1.529",2,"0.203 / 13.02"
"ccctgcatacactaattctttcaca",25,21637,21661,59.35,40,"catgtatagcatggaaccaagtaac",25,21746,21770,57.83,40,1.53,134,17,2.181,1.037,"NNctNcatacNctaattctttNaca","21637 / 21638 / 21641 / 21647 / 21658","P.1",5,"0.135 / 1.158 / 0.145 / 0.167 / 0.169","NatNNNtaNcatggaaccaagtaac","21762 / 21765 / 21766 / 21767 / 21770","B.1.1.7 / B.1.1.529",5,"13.02 / 0.128 / 0.017 / 0.07 / 0.293"
"ccctgcatacactaattctttcaca",25,21637,21661,59.35,40,"acatgtatagcatggaaccaag",22,21750,21771,55.39,40.91,3.96,135,17,2.181,1.28,"NNctNcatacNctaattctttNaca","21637 / 21638 / 21641 / 21647 / 21658","P.1",5,"0.135 / 1.158 / 0.145 / 0.167 / 0.169","aNatNNNtaNcatggaaccaag","21762 / 21765 / 21766 / 21767 / 21770","B.1.1.7 / B.1.1.529",5,"13.02 / 0.128 / 0.017 / 0.07 / 0.293"
"ccctgcatacactaattctttcaca",25,21637,21661,59.35,40,"gacatgtatagcatggaaccaa",22,21751,21772,55.38,40.91,3.97,136,18,2.181,1.319,"NNctNcatacNctaattctttNaca","21637 / 21638 / 21641 / 21647 / 21658","P.1",5,"0.135 / 1.158 / 0.145 / 0.167 / 0.169","NaNatNNNtaNcatggaaccaa","21762 / 21765 / 21766 / 21767 / 21770 / 21772","B.1.1.7 / B.1.1.529",6,"13.02 / 0.128 / 0.017 / 0.07 / 0.293 / 0.11"
"ccctgcatacactaattctttcaca",25,21637,21661,59.35,40,"accattggtcccagagac",18,21770,21787,55.03,55.56,4.33,151,19,2.181,2.109,"NNctNcatacNctaattctttNaca","21637 / 21638 / 21641 / 21647 / 21658","P.1",5,"0.135 / 1.158 / 0.145 / 0.167 / 0.169","aNcattggtcccagaNaN","21770 / 21772 / 21786","C.37",3,"0.293 / 0.11 / 0.199"
"ccctgcatacactaattctttcaca",25,21637,21661,59.35,40,"gtaccattggtcccagagac",20,21770,21789,57.3,55,2.05,153,20,2.181,2.092,"NNctNcatacNctaattctttNaca","21637 / 21638 / 21641 / 21647 / 21658","P.1",5,"0.135 / 1.158 / 0.145 / 0.167 / 0.169","NtaNcattggtcccagaNaN","21770 / 21772 / 21786 / 21789","C.37",4,"0.293 / 0.11 / 0.199 / 0.685"
"ccctgcatacactaattctttcaca",25,21637,21661,59.35,40,"gtaccattggtcccagaga",19,21771,21789,55.69,52.63,3.66,153,20,2.181,2.025,"NNctNcatacNctaattctttNaca","21637 / 21638 / 21641 / 21647 / 21658","P.1",5,"0.135 / 1.158 / 0.145 / 0.167 / 0.169","NtaNcattggtcccagaNa","21772 / 21786 / 21789","C.37",3,"0.11 / 0.199 / 0.685"
"ccctgcatacactaattctttcaca",25,21637,21661,59.35,40,"agtaccattggtcccagag",19,21772,21790,55.7,52.63,3.65,154,20,2.181,2.28,"NNctNcatacNctaattctttNaca","21637 / 21638 / 21641 / 21647 / 21658","P.1",5,"0.135 / 1.158 / 0.145 / 0.167 / 0.169","aNtaNcattggtcccagaN","21772 / 21786 / 21789","C.37",3,"0.11 / 0.199 / 0.685"
"ccctgcatacactaattctttcaca",25,21637,21661,59.35,40,"ttagtaccattggtcccaga",20,21773,21792,55.79,45,3.56,156,21,2.181,2.3,"NNctNcatacNctaattctttNaca","21637 / 21638 / 21641 / 21647 / 21658","P.1",5,"0.135 / 1.158 / 0.145 / 0.167 / 0.169","NtaNtaNcattggtcccaga","21786 / 21789 / 21792","C.37",3,"0.199 / 0.685 / 0.156"
"ccctgcatacactaattctttcaca",25,21637,21661,59.35,40,"tcaaacctcttagtaccattggtcc",25,21777,21801,60.81,44,1.46,165,23,2.181,2.243,"NNctNcatacNctaattctttNaca","21637 / 21638 / 21641 / 21647 / 21658","P.1",5,"0.135 / 1.158 / 0.145 / 0.167 / 0.169","NNaaacctcNtaNtaNcattggtcc","21786 / 21789 / 21792 / 21800 / 21801","B.1.351 / C.37",5,"0.199 / 0.685 / 0.156 / 0.213 / 0.299"
"ccctgcatacactaattctttcaca",25,21637,21661,59.35,40,"cagggttatcaaacctcttagt",22,21788,21809,55.79,40.91,3.57,173,23,2.181,1.74,"NNctNcatacNctaattctttNaca","21637 / 21638 / 21641 / 21647 / 21658","P.1",5,"0.135 / 1.158 / 0.145 / 0.167 / 0.169","cagggttaNNaaacctcNtaNt","21789 / 21792 / 21800 / 21801","B.1.351 / C.37",4,"0.685 / 0.156 / 0.213 / 0.299"
"ccctgcatacactaattctttcaca",25,21637,21661,59.35,40,"gacagggttatcaaacctctta",22,21790,21811,55.78,40.91,3.58,175,24,2.181,1.959,"NNctNcatacNctaattctttNaca","21637 / 21638 / 21641 / 21647 / 21658","P.1",5,"0.135 / 1.158 / 0.145 / 0.167 / 0.169","NacagggttaNNaaacctcNta","21792 / 21800 / 21801 / 21811","B.1.351",4,"0.156 / 0.213 / 0.299 / 0.231"
"ctctgggaccaatggtactaagag",24,21772,21795,59.9,50,"gacttctcagtggaagcaaa",20,21836,21855,55.34,45,4.56,84,11,2.533,0.355,"NtctgggaccaatgNtaNtaNgag","21772 / 21786 / 21789 / 21792","C.37",4,"0.11 / 0.199 / 0.685 / 0.156","NactNctcaNtggaagcaaa","21846 / 21851 / 21855","",3,"28.363 / 0.108 / 0.461"
"ctctgggaccaatggtactaagag",24,21772,21795,59.9,50,"ggtcttcgaatctaaagtagtacca",25,21880,21904,59.17,40,0.73,133,14,2.533,0.801,"NtctgggaccaatgNtaNtaNgag","21772 / 21786 / 21789 / 21792","C.37",4,"0.11 / 0.199 / 0.685 / 0.156","ggtcttcNaNtctaaagtagtacca","21895 / 21897","B.1.617.1",2,"0.072 / 0.689"
"ttcgaagacccagtccctac",20,21895,21914,58.45,55,"gaactcactttccatccaact",21,22013,22033,55.18,42.86,3.27,139,20,2.004,1.765,"NtNgaagacccagtcNctac","21895 / 21897 / 21910","B.1.617.1",3,"0.072 / 0.689 / 0.104","NNactcactttNNNtHNNact","22016 / 22017 / 22018 / 22020 / 22021 / 22022 / 22032 / 22033","B.1.617.1",8,"0.454 / 0.192 / 0.443 / 0.184 / 0.13 / 0.057 / 0.165 / 0.302"
"ttcgaagacccagtccctac",20,21895,21914,58.45,55,"tgaactcactttccatccaac",21,22014,22034,55.45,42.86,2.99,140,21,2.004,1.603,"NtNgaagacccagtcNctac","21895 / 21897 / 21910","B.1.617.1",3,"0.072 / 0.689 / 0.104","NNNactcactttNNNtHNNac","22016 / 22017 / 22018 / 22020 / 22021 / 22022 / 22032 / 22033 / 22034","B.1.617.1 / B.1.617.2",9,"0.454 / 0.192 / 0.443 / 0.184 / 0.13 / 0.057 / 0.165 / 0.302 / 0.02"
"ttcgaagacccagtccctac",20,21895,21914,58.45,55,"gcactagaataaactctgaactcac",25,22026,22050,58.01,40,0.43,156,21,2.004,2.344,"NtNgaagacccagtcNctac","21895 / 21897 / 21910","B.1.617.1",3,"0.072 / 0.689 / 0.104","gcactagaataaactcNNNactcac","22032 / 22033 / 22034","B.1.617.2",3,"0.165 / 0.302 / 0.02"
"ttcgaagacccagtccctac",20,21895,21914,58.45,55,"cgcactagaataaactctgaac",22,22030,22051,55.57,40.91,2.88,157,22,2.004,2.29,"NtNgaagacccagtcNctac","21895 / 21897 / 21910","B.1.617.1",3,"0.072 / 0.689 / 0.104","NgcactagaataaactcNNNac","22032 / 22033 / 22034 / 22051","B.1.617.2",4,"0.165 / 0.302 / 0.02 / 0.146"
"gagttcagagtttattctagtgcga",25,22028,22052,58.68,40,"cgcactaaattaataggcgtg",21,22183,22203,56.11,42.86,2.56,176,15,1.421,1.345,"gagtNNNgagtttattctagtgcNa","22032 / 22033 / 22034 / 22051","B.1.617.2",4,"0.165 / 0.302 / 0.02 / 0.146","NgcNctaaaNtaaNaggcgtg","22190 / 22194 / 22200 / 22203","B.1.1.529",4,"0.19 / 0.017 / 29.418 / 0.119"
"cggctttagaaccattggtag",21,22224,22244,56.69,47.62,"caccaggagtcaaataacttctatg",25,22295,22319,57.46,40,0.77,96,16,1.757,1.579,"NNgNtttagaaccattggtag","22224 / 22225 / 22227","",3,"0.165 / 0.194 / 5.606","NacNaNNaNNcaNataacNtcNatN","22295 / 22298 / 22301 / 22307 / 22310 / 22311 / 22313 / 22314 / 22316 / 22319","C.37",10,"0.103 / 0.011 / 0.006 / 0.005 / 0.016 / 0.197 / 0.022 / 0.327 / 0.01 / 0.021"
"cggctttagaaccattggtag",21,22224,22244,56.69,47.62,"tcaccaggagtcaaataacttc",22,22299,22320,55.74,40.91,0.95,97,17,1.757,1.856,"NNgNtttagaaccattggtag","22224 / 22225 / 22227","",3,"0.165 / 0.194 / 5.606","NNacNaNNaNNcaNataacNtc","22301 / 22307 / 22310 / 22311 / 22313 / 22314 / 22316 / 22319 / 22320","C.37",9,"0.006 / 0.005 / 0.016 / 0.197 / 0.022 / 0.327 / 0.01 / 0.021 / 0.529"
"cggctttagaaccattggtag",21,22224,22244,56.69,47.62,"gaagaatcaccaggagtcaaataac",25,22302,22326,57.4,40,0.71,103,19,1.757,2.089,"NNgNtttagaaccattggtag","22224 / 22225 / 22227","",3,"0.165 / 0.194 / 5.606","NaaNaaNNacNaNNaNNcaNataac","22307 / 22310 / 22311 / 22313 / 22314 / 22316 / 22319 / 22320 / 22323 / 22326","C.37",10,"0.005 / 0.016 / 0.197 / 0.022 / 0.327 / 0.01 / 0.021 / 0.529 / 0.12 / 0.209"
"cggctttagaaccattggtag",21,22224,22244,56.69,47.62,"agaagaatcaccaggagtcaaa",22,22306,22327,56.41,40.91,0.28,104,19,1.757,2.276,"NNgNtttagaaccattggtag","22224 / 22225 / 22227","",3,"0.165 / 0.194 / 5.606","aNaaNaaNNacNaNNaNNcaNa","22307 / 22310 / 22311 / 22313 / 22314 / 22316 / 22319 / 22320 / 22323 / 22326","C.37",10,"0.005 / 0.016 / 0.197 / 0.022 / 0.327 / 0.01 / 0.021 / 0.529 / 0.12 / 0.209"
"cggctttagaaccattggtag",21,22224,22244,56.69,47.62,"aagaagaatcaccaggagtca",21,22308,22328,55.65,42.86,1.05,105,19,1.757,1.929,"NNgNtttagaaccattggtag","22224 / 22225 / 22227","",3,"0.165 / 0.194 / 5.606","aaNaaNaaNNacNaNNaNNca","22310 / 22311 / 22313 / 22314 / 22316 / 22319 / 22320 / 22323 / 22326","C.37",9,"0.016 / 0.197 / 0.022 / 0.327 / 0.01 / 0.021 / 0.529 / 0.12 / 0.209"
"cggctttagaaccattggtag",21,22224,22244,56.69,47.62,"ctgaagaagaatcaccaggag",21,22311,22331,55.09,47.62,1.6,108,20,1.757,1.33,"NNgNtttagaaccattggtag","22224 / 22225 / 22227","",3,"0.165 / 0.194 / 5.606","NtgaaNaaNaaNNacNaNNaN","22311 / 22313 / 22314 / 22316 / 22319 / 22320 / 22323 / 22326 / 22331","C.37",9,"0.197 / 0.022 / 0.327 / 0.01 / 0.021 / 0.529 / 0.12 / 0.209 / 0.215"
"cggctttagaaccattggtag",21,22224,22244,56.69,47.62,"caacctgaagaagaatcacca",21,22315,22335,55.17,42.86,1.52,112,21,1.757,1.789,"NNgNtttagaaccattggtag","22224 / 22225 / 22227","",3,"0.165 / 0.194 / 5.606","NaacNtgaaNaaNaaNNacNa","22316 / 22319 / 22320 / 22323 / 22326 / 22331 / 22335","C.37",7,"0.01 / 0.021 / 0.529 / 0.12 / 0.209 / 0.215 / 0.134"
"cggctttagaaccattggtag",21,22224,22244,56.69,47.62,"gtccaacctgaagaagaatcac",22,22317,22338,56.39,45.45,0.3,115,21,1.757,1.893,"NNgNtttagaaccattggtag","22224 / 22225 / 22227","",3,"0.165 / 0.194 / 5.606","gtcNaacNtgaaNaaNaaNNac","22319 / 22320 / 22323 / 22326 / 22331 / 22335","C.37",6,"0.021 / 0.529 / 0.12 / 0.209 / 0.215 / 0.134"
"agagtccaaccaacagaatcta",22,22517,22538,56.48,40.91,"gcaaatctggtggcgttaaa",20,22586,22605,57.02,45,0.54,89,6,1.969,0.379,"agagtccaaccaacagaatcta","","",0,"","gcaaatNtNgtggcNttaaa","22591 / 22597 / 22599","B.1.621",3,"0.12 / 0.14 / 9.719"
"ctgtgttgctgattattctgtccta",25,22642,22666,58.89,40,"tttccagtttgccctgga",18,22795,22812,55.91,50,2.98,171,11,0.955,0.833,"ctgtgttgctgattattctgtccta","","",0,"","NttccagtttgNcctgga","22801 / 22812","P.1",2,"0.521 / 1.166"
"ctgtgttgctgattattctgtccta",25,22642,22666,58.89,40,"ctttccagtttgccctgga",19,22795,22813,57.28,52.63,1.61,172,12,0.955,0.872,"ctgtgttgctgattattctgtccta","","",0,"","NNttccagtttgNcctgga","22801 / 22812 / 22813","P.1 / B.1.351",3,"0.521 / 1.166 / 40.865"
"cttgattctaaggttggtggta",22,22883,22904,55.45,40.91,"ctaccggcctgatagatttca",21,22972,22992,56.97,47.62,1.51,110,11,2.602,2.334,"cttgattctaNggNtNNtggta","22893 / 22896 / 22898 / 22899","",4,"0.746 / 0.142 / 12.689 / 0.127","NtaccNgcctgatagatttca","22987 / 22992","B.1.1.529",2,"0.173 / 42.921"
"cttgattctaaggttggtggta",22,22883,22904,55.45,40.91,"gtgctaccggcctgataga",19,22977,22995,58.96,57.89,3.5,113,13,2.602,2.325,"cttgattctaNggNtNNtggta","22893 / 22896 / 22898 / 22899","",4,"0.746 / 0.142 / 12.689 / 0.127","NtNNtaccNgcctgataga","22987 / 22992 / 22993 / 22995","B.1.617.2 / B.1.1.529",4,"0.173 / 42.921 / 0.281 / 75.481"
"cttgattctaaggttggtggta",22,22883,22904,55.45,40.91,"caacaccattacaaggtgtgcta",23,22990,23012,59.5,43.48,4.05,130,14,2.602,2.202,"cttgattctaNggNtNNtggta","22893 / 22896 / 22898 / 22899","",4,"0.746 / 0.142 / 12.689 / 0.127","NaacaccattacaaggtNtNNta","22992 / 22993 / 22995 / 23012","P.1 / B.1.351 / B.1.617.2 / P.2 / B.1.1.529 / C.1.2 / B.1.621",4,"42.921 / 0.281 / 75.481 / 2.213"
"cttgattctaaggttggtggta",22,22883,22904,55.45,40.91,"tcaacaccattacaaggtgtgc",22,22992,23013,59.12,45.45,3.67,131,15,2.602,2.293,"cttgattctaNggNtNNtggta","22893 / 22896 / 22898 / 22899","",4,"0.746 / 0.142 / 12.689 / 0.127","NNaacaccattacaaggtNtNN","22992 / 22993 / 22995 / 23012 / 23013","P.1 / B.1.351 / B.1.617.2 / P.2 / B.1.1.529 / C.1.2 / B.1.621",5,"42.921 / 0.281 / 75.481 / 2.213 / 42.105"
"cttgattctaaggttggtggta",22,22883,22904,55.45,40.91,"tcaacaccattacaaggtgtg",21,22993,23013,56.37,42.86,0.92,131,15,2.602,2.343,"cttgattctaNggNtNNtggta","22893 / 22896 / 22898 / 22899","",4,"0.746 / 0.142 / 12.689 / 0.127","NNaacaccattacaaggtNtN","22993 / 22995 / 23012 / 23013","P.1 / B.1.351 / B.1.617.2 / P.2 / B.1.1.529 / C.1.2 / B.1.621",4,"0.281 / 75.481 / 2.213 / 42.105"
"cttgattctaaggttggtggta",22,22883,22904,55.45,40.91,"ccttcaacaccattacaaggt",21,22996,23016,56.07,42.86,0.62,134,15,2.602,2.227,"cttgattctaNggNtNNtggta","22893 / 22896 / 22898 / 22899","",4,"0.746 / 0.142 / 12.689 / 0.127","cctNNaacaccattacaaggt","23012 / 23013","P.1 / B.1.351 / P.2 / B.1.1.529 / C.1.2 / B.1.621",2,"2.213 / 42.105"
"cacaccttgtaatggtgttga",21,22993,23013,56.37,42.86,"tagtgggttggaaaccatatgattg",25,23039,23063,58.58,40,2.2,71,13,2.649,1.736,"NaNaccttgtaatggtgttNN","22993 / 22995 / 23012 / 23013","P.1 / B.1.351 / B.1.617.2 / P.2 / B.1.1.529 / C.1.2 / B.1.621",4,"0.281 / 75.481 / 2.213 / 42.105","NagtgggtNggaaacNatatgNtNg","23040 / 23042 / 23048 / 23055 / 23063","B.1.1.7 / P.1 / B.1.351 / B.1.1.529 / C.1.2 / B.1.621",5,"28.369 / 0.151 / 12.756 / 42.036 / 55.365"
"cacaccttgtaatggtgttga",21,22993,23013,56.37,42.86,"agtgggttggaaaccatatga",21,23042,23062,56.25,42.86,0.12,70,12,2.649,1.076,"NaNaccttgtaatggtgttNN","22993 / 22995 / 23012 / 23013","P.1 / B.1.351 / B.1.617.2 / P.2 / B.1.1.529 / C.1.2 / B.1.621",4,"0.281 / 75.481 / 2.213 / 42.105","agtgggtNggaaacNatatgN","23042 / 23048 / 23055","B.1.1.529",3,"0.151 / 12.756 / 42.036"
"cacaccttgtaatggtgttga",21,22993,23013,56.37,42.86,"tagtgggttggaaaccatatga",22,23042,23063,56.78,40.91,0.41,71,13,2.649,1.1,"NaNaccttgtaatggtgttNN","22993 / 22995 / 23012 / 23013","P.1 / B.1.351 / B.1.617.2 / P.2 / B.1.1.529 / C.1.2 / B.1.621",4,"0.281 / 75.481 / 2.213 / 42.105","NagtgggtNggaaacNatatgN","23042 / 23048 / 23055 / 23063","B.1.1.7 / P.1 / B.1.351 / B.1.1.529 / C.1.2 / B.1.621",4,"0.151 / 12.756 / 42.036 / 55.365"
"cacaccttgtaatggtgttga",21,22993,23013,56.37,42.86,"cattagtgggttggaaacca",20,23047,23066,55.53,45,0.85,74,13,2.649,0.957,"NaNaccttgtaatggtgttNN","22993 / 22995 / 23012 / 23013","P.1 / B.1.351 / B.1.617.2 / P.2 / B.1.1.529 / C.1.2 / B.1.621",4,"0.281 / 75.481 / 2.213 / 42.105","catNagtgggtNggaaacNa","23048 / 23055 / 23063","B.1.1.7 / P.1 / B.1.351 / B.1.1.529 / C.1.2 / B.1.621",3,"12.756 / 42.036 / 55.365"
"cacaccttgtaatggtgttga",21,22993,23013,56.37,42.86,"aaccaacaccattagtgggttgg",23,23053,23075,61.26,47.83,4.88,83,14,2.649,1.5,"NaNaccttgtaatggtgttNN","22993 / 22995 / 23012 / 23013","P.1 / B.1.351 / B.1.617.2 / P.2 / B.1.1.529 / C.1.2 / B.1.621",4,"0.281 / 75.481 / 2.213 / 42.105","NaccaacaccatNagtgggtNgg","23055 / 23063 / 23075","B.1.1.7 / P.1 / B.1.351 / B.1.1.529 / C.1.2 / B.1.621",3,"42.036 / 55.365 / 42.058"
"cacaccttgtaatggtgttga",21,22993,23013,56.37,42.86,"accaacaccattagtgggt",19,23056,23074,56.13,47.37,0.25,82,13,2.649,1.333,"NaNaccttgtaatggtgttNN","22993 / 22995 / 23012 / 23013","P.1 / B.1.351 / B.1.617.2 / P.2 / B.1.1.529 / C.1.2 / B.1.621",4,"0.281 / 75.481 / 2.213 / 42.105","accaacaccatNagtgggt","23063","B.1.1.7 / P.1 / B.1.351 / B.1.1.529 / C.1.2 / B.1.621",1,"55.365"
"cacaccttgtaatggtgttga",21,22993,23013,56.37,42.86,"aaccaacaccattagtgggt",20,23056,23075,56.95,45,0.57,83,14,2.649,1.303,"NaNaccttgtaatggtgttNN","22993 / 22995 / 23012 / 23013","P.1 / B.1.351 / B.1.617.2 / P.2 / B.1.1.529 / C.1.2 / B.1.621",4,"0.281 / 75.481 / 2.213 / 42.105","NaccaacaccatNagtgggt","23063 / 23075","B.1.1.7 / P.1 / B.1.351 / B.1.1.529 / C.1.2 / B.1.621",2,"55.365 / 42.058"
"cacaccttgtaatggtgttga",21,22993,23013,56.37,42.86,"ggttggtaaccaacacca",18,23065,23082,55.31,50,1.06,90,14,2.649,1.32,"NaNaccttgtaatggtgttNN","22993 / 22995 / 23012 / 23013","P.1 / B.1.351 / B.1.617.2 / P.2 / B.1.1.529 / C.1.2 / B.1.621",4,"0.281 / 75.481 / 2.213 / 42.105","ggttggtNaccaacacca","23075","",1,"42.058"
"ggtttccaacccactaatgg",20,23048,23067,56.29,50,"gcctgttaaaccattgaagttg",22,23185,23206,56.19,40.91,0.1,159,7,1.672,0.551,"NgtttccNacccactNatgg","23048 / 23055 / 23063","B.1.1.7 / P.1 / B.1.351 / B.1.1.529 / C.1.2 / B.1.621",3,"12.756 / 42.036 / 55.365","gcctNttaaaccattNaagttg","23191 / 23202","B.1.1.529",2,"0.263 / 12.991"
"cacaggtgttcttactgagtctaac",25,23206,23230,59.08,44,"cagtagtgtcagcaatgtctc",21,23262,23282,56.14,47.62,2.94,77,3,1.478,0.813,"cacaggtgttcttactgagtctaac","","",0,"","cagtaNtgtcaNcaatgtctc","23271 / 23277","B.1.1.7",2,"11.871 / 0.223"
"cattgctgacactactgatgct",22,23266,23287,58.73,45.45,"ctgtgcagttaacatcctga",20,23398,23417,55.14,45,3.59,152,7,1.191,0.654,"cattgNtgacaNtactgaNgct","23271 / 23277 / 23284","B.1.1.7",3,"11.871 / 0.223 / 0.861","ctgtgcagttaacaNcNtga","23401 / 23403","B.1.1.7 / P.1 / B.1.351 / B.1.617.1 / B.1.617.2 / P.2 / B.1.1.529 / C.37 / C.1.2 / B.1.621",2,"0.669 / 99.664"
"gcacagaagtccctgttg",18,23412,23429,55.6,55.56,"ttgttgacatgttcagccc",19,23517,23535,55.07,47.37,0.53,124,6,1.284,0.533,"gcacagaagtccctNttg","23426","",1,"0.12","NtNttgacatNttcaRccc","23520 / 23525 / 23533 / 23535","P.1 / B.1.1.529 / C.1.2",4,"0.106 / 43.333 / 0.118 / 0.673"
"ggctgaacatgtcaacaactca",22,23518,23539,59.38,45.45,"attagtctgagtctgataactagcg",25,23575,23599,58.33,40,1.05,82,9,1.158,0.854,"ggYtgaaNatgtcaaNaNctca","23520 / 23525 / 23533 / 23535","P.1 / B.1.1.529 / C.1.2",4,"0.106 / 43.333 / 0.118 / 0.673","NttagtNtNagtNtgataactagcg","23587 / 23591 / 23593 / 23599","B.1.1.529 / C.1.2",4,"0.44 / 0.165 / 0.644 / 42.28"
"ggctgaacatgtcaacaactca",22,23518,23539,59.38,45.45,"ggagaattagtctgagtctgataac",25,23580,23604,56.53,40,2.85,87,10,1.158,1.132,"ggYtgaaNatgtcaaNaNctca","23520 / 23525 / 23533 / 23535","P.1 / B.1.1.529 / C.1.2",4,"0.106 / 43.333 / 0.118 / 0.673","NgagaNttagtNtNagtNtgataac","23587 / 23591 / 23593 / 23599 / 23604","B.1.1.7 / B.1.1.529 / C.1.2 / B.1.621",5,"0.44 / 0.165 / 0.644 / 42.28 / 88.025"
"tcagactaattctcctcggcgg",22,23590,23611,61.59,54.55,"gcaccaagtgacatagtgtaggcaa",25,23640,23664,63.29,48,1.7,75,10,2.681,0.683,"tNaNactaaNtctcNtcgNcgg","23591 / 23593 / 23599 / 23604 / 23608","B.1.1.7 / B.1.1.529 / C.1.2 / B.1.621",5,"0.165 / 0.644 / 42.28 / 88.025 / 0.127","NcaccNagtgacatagtgtaggcaa","23659 / 23664","B.1.351",2,"0.183 / 1.426"
"tcagactaattctcctcggcgg",22,23590,23611,61.59,54.55,"gtgggtatggcaatagagttattag",25,23685,23709,57.4,40,4.18,120,14,2.681,0.168,"tNaNactaaNtctcNtcgNcgg","23591 / 23593 / 23599 / 23604 / 23608","B.1.1.7 / B.1.1.529 / C.1.2 / B.1.621",5,"0.165 / 0.644 / 42.28 / 88.025 / 0.127","NtNggtatggcaatagagttattag","23707 / 23709","B.1.1.7 / C.1.2",2,"0.259 / 11.951"
"gattcaactgaatgcagcaatc",22,23795,23816,56.64,40.91,"gcacggtttaattgtgtaca",20,23840,23859,55.18,40,1.47,65,1,0.934,0.454,"gattcaactgaatgcagcaatc","","",0,"","gcacgNtttaattgtgtaca","23854","B.1.1.529",1,"41.781"
"tgattgccttggtgatattgc",21,24076,24096,56.92,42.86,"cagtaaggccgttaaacttt",20,24121,24140,55.14,40,1.77,65,6,0.969,0.342,"NgattgccttggtgatattNc","24076 / 24095","",2,"0.149 / 0.184","caNtaaggccNttaaacttt","24130 / 24138","B.1.1.7 / P.1 / B.1.351 / B.1.617.1 / B.1.617.2 / P.2 / B.1.1.529 / C.37 / C.1.2 / B.1.621",2,"13.858 / 0.406"
"tcaagactcactttcttccacag",23,24364,24386,58.3,43.48,"tggttgaccacatcttgaagt",21,24403,24423,56.79,42.86,1.51,60,6,0.931,0.812,"tcaaNaNtcaNtttNttcNacag","24368 / 24370 / 24374 / 24378 / 24382","",5,"0.219 / 0.125 / 0.101 / 0.222 / 0.203","tggttgaccacatNttgaagt","24410","B.1.617.2 / B.1.621",1,"32.552"
"aagactcactttcttccacagcaag",25,24366,24390,61.43,44,"tttggttgaccacatcttgaag",22,24404,24425,56.49,40.91,4.94,60,7,0.978,0.566,"aaNaNtcaNtttNttcNacagcaag","24368 / 24370 / 24374 / 24378 / 24382","",5,"0.219 / 0.125 / 0.101 / 0.222 / 0.203","tNtggttgaccacatNttgaag","24410 / 24424","B.1.617.2 / B.1.1.529 / B.1.621",2,"32.552 / 42.26"
"ctcactttcttccacagcaag",21,24370,24390,57.11,47.62,"gtcaagacgtgaaaggatatca",22,24496,24517,55.56,40.91,1.55,148,11,1.041,0.361,"NtcaNtttNttcNacagcaag","24370 / 24374 / 24378 / 24382","",4,"0.125 / 0.101 / 0.222 / 0.203","gtcaagacgtgNaaNgatatca","24503 / 24506","B.1.1.7 / B.1.1.529",2,"12.84 / 11.857"
"ctcactttcttccacagcaag",21,24370,24390,57.11,47.62,"tcaactttgtcaagacgtga",20,24506,24525,55.42,40,1.68,156,11,1.041,0.257,"NtcaNtttNttcNacagcaag","24370 / 24374 / 24378 / 24382","",4,"0.125 / 0.101 / 0.222 / 0.203","tcaactttgtcaagacgtgN","24506","B.1.1.7",1,"11.857"
"cacaggcagacttcaaagtttg",22,24553,24574,58.3,45.45,"gtagcagcaagattagcagaa",21,24622,24642,55.95,42.86,2.35,90,2,1.14,0.035,"cacaggcagacttcaaagtttg","","",0,"","Ntagcagcaagattagcagaa","24642","P.1",1,"1.134"
"cttccctcagtcagcacct",19,24715,24733,58.63,57.89,"ttgtgcagggacataagtcaca",22,24754,24775,59.63,45.45,1,61,3,0.852,0.634,"cttccctcagtcagcacct","","",0,"","Ntgtgcagggacataagtcaca","24775","B.1.617.1",1,"0.097"
"gatcctttgcaacctgaattag",22,24977,24998,55.42,40.91,"ctgaagcattaatgccagagatgtc",25,25064,25088,58.81,44,3.39,112,8,1.145,0.193,"gatcctttgcaacctgaattag","","",0,"","Ntgaagcattaatgccagagatgtc","25088","",1,"1.233"
"tttggctttgctggaaatgccgt",23,25772,25794,64.49,47.83,"tgccatcacctgaagtaatgacaa",24,25892,25915,59.72,41.67,4.77,144,13,1.141,0.246,"tttNgctttgctgNaaatgccgt","25775 / 25785","",2,"0.119 / 0.809","tgNcatcaNNtVaagtaatgacaa","25904 / 25906 / 25907 / 25913","B.1.1.7 / B.1.351",4,"0.435 / 0.427 / 1.433 / 0.113"
"tggcacaacaagtcctatttct",22,25911,25932,57.9,40.91,"gtaacatgttcaacaccagtgtc",23,26056,26078,58.15,43.48,0.25,168,17,2.044,0.208,"tgNcaNaacaagtcctatttct","25913 / 25916","B.1.1.7",2,"0.113 / 0.374","NtaacatgttcaaNacNaNtNtc","26058 / 26060 / 26062 / 26065 / 26078","C.1.2",5,"0.162 / 29.919 / 0.34 / 0.12 / 0.141"
"acacagttacttcacttcagac",22,26001,26022,56,40.91,"atgaaccgtcgattgtgtgaa",21,26129,26149,57.51,42.86,1.52,149,16,1.368,0.44,"acacagttacttNacttcagNN","26013 / 26021 / 26022","",3,"0.189 / 0.153 / 0.166","Ntgaaccgtcgattgtgtgaa","26149","P.1",1,"1.039"
"attgttgatgagcctgaagaac",22,26098,26119,56.96,40.91,"aactccggatgaaccgtcga",20,26138,26157,61.49,55,4.53,60,6,1.477,0.185,"attgttgatNaNNNtgaagaac","26107 / 26109 / 26110 / 26111","",4,"2.321 / 0.217 / 0.217 / 0.195","aactccNgNtgaaccgtcga","26149 / 26151","P.1",2,"1.039 / 0.225"
"attgttgatgagcctgaagaac",22,26098,26119,56.96,40.91,"caactccggatgaaccgtc",19,26140,26158,58.14,57.89,1.18,61,6,1.477,0.2,"attgttgatNaNNNtgaagaac","26107 / 26109 / 26110 / 26111","",4,"2.321 / 0.217 / 0.217 / 0.195","caactccNgNtgaaccgtc","26149 / 26151","P.1",2,"1.039 / 0.225"
"attgttgatgagcctgaagaac",22,26098,26119,56.96,40.91,"acaactccggatgaaccgtc",20,26140,26159,59.96,55,3.01,62,6,1.477,0.191,"attgttgatNaNNNtgaagaac","26107 / 26109 / 26110 / 26111","",4,"2.321 / 0.217 / 0.217 / 0.195","acaactccNgNtgaaccgtc","26149 / 26151","P.1",2,"1.039 / 0.225"
"attgttgatgagcctgaagaac",22,26098,26119,56.96,40.91,"aacaactccggatgaaccgtc",21,26140,26160,60.55,52.38,3.59,63,6,1.477,0.234,"attgttgatNaNNNtgaagaac","26107 / 26109 / 26110 / 26111","",4,"2.321 / 0.217 / 0.217 / 0.195","aacaactccNgNtgaaccgtc","26149 / 26151","P.1",2,"1.039 / 0.225"
"attgttgatgagcctgaagaac",22,26098,26119,56.96,40.91,"taacaactccggatgaaccgtc",22,26140,26161,60.88,50,3.92,64,7,1.477,0.221,"attgttgatNaNNNtgaagaac","26107 / 26109 / 26110 / 26111","",4,"2.321 / 0.217 / 0.217 / 0.195","NaacaactccNgNtgaaccgtc","26149 / 26151 / 26161","P.1 / B.1.621",3,"1.039 / 0.225 / 0.012"
"attgttgatgagcctgaagaac",22,26098,26119,56.96,40.91,"tactggattaacaactccgg",20,26150,26169,55.39,45,1.56,72,7,1.477,0.516,"attgttgatNaNNNtgaagaac","26107 / 26109 / 26110 / 26111","",4,"2.321 / 0.217 / 0.217 / 0.195","tactggatNaacaactccNg","26151 / 26161","B.1.621",2,"0.225 / 0.012"
"cattcgtttcggaagagaca",20,26252,26271,55.82,45,"caagaataccacgaaagcaaga",22,26304,26325,56.99,40.91,1.17,74,5,0.263,0.096,"cattNgtttcggaagagaBa","26256 / 26270","",2,"0.18 / 42.154","caagaataccacNaaagcaaNa","26305 / 26313","C.1.2",2,"0.124 / 0.108"
"gctgcaatattgttaacgtgagtc",24,26372,26395,58.98,41.67,"gatcaggaactctagaagaattcag",25,26437,26461,56.24,40,2.74,90,4,0.348,0.119,"gctgcaatattgttaacgtgagtc","","",0,"","gatcaNgaactctagaagaattcag","26456","B.1.351",1,"0.202"
"ggcagattccaacggtact",19,26525,26543,57.14,52.63,"gttccattgttcaaggagct",20,26566,26585,55.04,45,2.11,61,5,0.868,0.564,"gNNaNNttccaacggtact","26526 / 26527 / 26529 / 26530","B.1.1.529",4,"0.242 / 0.106 / 11.843 / 12.424","gttccattNttcaaggagct","26577","B.1.1.529",1,"41.583"
"ggcagattccaacggtact",19,26525,26543,57.14,52.63,"ccatgtaaggaataggaaacct",22,26594,26615,55.22,40.91,1.93,91,9,0.868,0.258,"gNNaNNttccaacggtact","26526 / 26527 / 26529 / 26530","B.1.1.529",4,"0.242 / 0.106 / 11.843 / 12.424","ccatNtaaNNaNtaggaaacct","26604 / 26606 / 26607 / 26611","C.1.2",4,"0.221 / 0.188 / 0.094 / 0.163"
"ggcagattccaacggtact",19,26525,26543,57.14,52.63,"gccataacagccagaggaaa",20,26678,26697,57.33,50,0.19,173,13,0.868,0.237,"gNNaNNttccaacggtact","26526 / 26527 / 26529 / 26530","B.1.1.529",4,"0.242 / 0.106 / 11.843 / 12.424","gccataaNagccagagNaaa","26681 / 26690","B.1.617.1",2,"1.156 / 0.152"
"tgtcttctacaatttgcctatgcc",24,26619,26642,59.36,41.67,"ctaaagttactggccataacagcca",25,26685,26709,61.65,44,2.29,91,5,0.86,0.236,"tgtcttNtacaatttgcctatgcc","26625","",1,"0.216","HtaaagttactggccataaNagcca","26690 / 26709","B.1.1.529",2,"0.152 / 41.937"
"gctgttatggccagtaacttta",22,26687,26708,56.42,40.91,"atagcaattccaccggtgatccaa",24,26744,26767,61.36,45.83,4.94,81,7,1.148,0.607,"gctNttatggccagtaacttta","26690","",1,"0.152","NtagNaatNccaccggtgatccaa","26759 / 26763 / 26767","B.1.617.1",3,"0.127 / 0.3 / 33.414"
"atcaccggtggaattgctatc",21,26748,26768,58.15,47.62,"gagtggcacgttgagaagaa",20,26875,26894,58.13,50,0.02,147,13,0.966,0.228,"atcaccggtggNattNctaNc","26759 / 26763 / 26767","B.1.617.1",3,"0.127 / 0.3 / 33.414","NagtggcacDttNagaagDa","26876 / 26882 / 26885 / 26894","C.37",4,"0.401 / 0.147 / 0.209 / 0.216"
"aacaacctactagtgaagctg",21,2565,2585,55.27,42.86,"tgttaccatcatattaggtgcaagg",25,2668,2692,58.71,40,3.44,128,5,2.311,1.711,"aacaacctactagtgaagctg","","",0,"","Ngttaccatcatattaggtgcaagg","2692","B.1.351",1,"0.129"
"ttgtcctgacggcgtaaa",18,27591,27608,56.51,50,"agtttaggtgaaactgatctggca",24,27627,27650,59.96,41.67,3.45,60,11,1.612,0.435,"ttgtcctgaNggcNtaaa","27600 / 27604","",2,"0.165 / 0.65","aNtttaNNtNaaNctgatNtNNca","27629 / 27630 / 27632 / 27638 / 27641 / 27643 / 27644 / 27649","",8,"0.158 / 0.157 / 0.137 / 32.775 / 0.162 / 0.154 / 0.112 / 0.111"
"gcctttctgctattccttgttt",22,27798,27819,57.21,40.91,"ggcgtgacaagtttcattatga",22,27863,27884,56.73,40.91,0.48,87,8,0.277,1.634,"NcNtttctgNtattccttgttt","27798 / 27800 / 27807","",3,"0.163 / 0.296 / 42.22","ggcNtNacaaNtttNattatga","27870 / 27874 / 27879 / 27881","B.1.617.2",4,"0.149 / 29.423 / 0.18 / 0.198"
"atcatcacaactgtagctgca",21,27918,27938,57.66,42.86,"ggttgatgttgagtacatgactgta",25,27958,27982,58.83,40,1.17,65,9,1.99,1.025,"atNatNaNaactgtagctgca","27920 / 27923 / 27925","B.1.621",3,"0.135 / 0.113 / 0.73","ggttgatgttNagtaNatNactgta","27964 / 27967 / 27972","B.1.1.7",3,"1.52 / 0.292 / 12.036"
"atcatcacaactgtagctgca",21,27918,27938,57.66,42.86,"gacacgggtcatcaactaca",20,27986,28005,57.52,50,0.14,88,13,1.99,1.248,"atNatNaNaactgtagctgca","27920 / 27923 / 27925","B.1.621",3,"0.135 / 0.113 / 0.73","NacaNgNgtcatcaactaca","27999 / 28001 / 28005","B.1.621",3,"0.298 / 0.335 / 0.199"
"atcatcacaactgtagctgca",21,27918,27938,57.66,42.86,"gaaccagcctcatccacgca",20,28074,28093,61.87,60,4.21,176,29,1.99,1.238,"atNatNaNaactgtagctgca","27920 / 27923 / 27925","B.1.621",3,"0.135 / 0.113 / 0.73","NaaNcaNNctNatcNaNgNa","28075 / 28077 / 28079 / 28083 / 28086 / 28087 / 28090 / 28093","B.1.621",8,"0.289 / 0.383 / 0.186 / 0.114 / 0.425 / 0.652 / 0.148 / 0.562"
"agcacctttaattgaattgtgcgtg",25,28055,28079,61.3,40,"cgatgtactgaatgggtgatttaga",25,28092,28116,58.42,40,2.88,62,12,1.535,1.513,"agcacctttaattgaattNtNcNtN","28073 / 28075 / 28077 / 28079","",4,"0.918 / 0.289 / 0.383 / 0.186","cgatgNaNtgaatgggtgattNaNa","28093 / 28095 / 28109 / 28111","B.1.621",4,"0.562 / 4.322 / 0.185 / 11.861"
"agcacctttaattgaattgtgcgtg",25,28055,28079,61.3,40,"gatatcgatgtactgaatgggtga",24,28098,28121,57.1,41.67,4.2,67,12,1.535,1.798,"agcacctttaattgaattNtNcNtN","28073 / 28075 / 28077 / 28079","",4,"0.918 / 0.289 / 0.383 / 0.186","gatatcgatgNaNtgaatgggtga","28109 / 28111","",2,"0.185 / 11.861"
"tcacccattcagtacatcgata",22,28098,28119,56.45,40.91,"ccaatttaggttcctggcaa",20,28160,28179,55.64,45,0.81,82,6,2.26,0.919,"tcacccattcaNtNcatcgata","28109 / 28111","",2,"0.185 / 11.861","ccaatttagDttNctggcaa","28167 / 28170","P.1",2,"1.037 / 0.699"
"ttggtgatgacactgtgatag",21,2739,2759,55.34,42.86,"gcagagcacttctcattaagta",22,2820,2841,56.05,40.91,0.7,103,7,1.104,0.461,"ttggtgaNgaNactgtgatag","2746 / 2749","P.1",2,"0.194 / 1.065","NcagagcacNNctcattaagta","2831 / 2832 / 2841","B.1.1.529",3,"0.001 / 12.618 / 0.107"
"cctcagattcaactggcag",19,28332,28350,55.6,52.63,"tcttccttgccatgttgagtga",22,28440,28461,59.04,45.45,3.44,130,11,0.831,0.127,"cNtcagattcaaNtggcag","28333 / 28344","",2,"0.112 / 0.124","NNttccttgccatgttgagtga","28460 / 28461","B.1.617.2",2,"0.15 / 32.538"
"tcaacatggcaaggaagac",19,28444,28462,55.4,47.37,"ggactgctattggtgttaattggaa",25,28488,28512,59.35,40,3.95,69,6,0.745,0.265,"tcaacatggcaaggaaNNH","28460 / 28461 / 28462","B.1.617.2",3,"0.15 / 32.538 / 0.151","NgactgctattggtNttaattggaa","28498 / 28512","P.1",2,"0.213 / 1.038"
"agaccttaaattccctcgaggacaa",25,28459,28483,61.52,44,"tcatctggactgctattggtgttaa",25,28494,28518,59.81,40,1.71,60,7,0.844,0.494,"aNNHcttaaattcNctcgaggacaa","28460 / 28461 / 28462 / 28472","B.1.617.2",4,"0.15 / 32.538 / 0.151 / 1.584","tcDtctNgactgctattggtNttaa","28498 / 28512 / 28516","P.1 / C.1.2",3,"0.213 / 1.038 / 0.02"
"agaccttaaattccctcgaggacaa",25,28459,28483,61.52,44,"ggtagtagccaatttggtcatc",22,28514,28535,56.59,45.45,4.92,77,8,0.844,0.027,"aNNHcttaaattcNctcgaggacaa","28460 / 28461 / 28462 / 28472","B.1.617.2",4,"0.15 / 32.538 / 0.151 / 1.584","ggtaDtagccaatttggtcDtc","28516 / 28531","C.1.2",2,"0.02 / 0.239"
"ccaattaacaccaatagcagtc",22,28490,28511,55.43,40.91,"gtctggtagctcttcggtagta",22,28529,28550,60.22,50,4.8,61,5,0.978,0.074,"ccaattaaNaccaatagcagtc","28498","",1,"0.213","gtctggtagNtcttcggtaDta","28531 / 28541","",2,"0.239 / 0.214"
"ccaattaacaccaatagcagtc",22,28490,28511,55.43,40.91,"cgtctggtagctcttcggta",20,28532,28551,60.18,55,4.75,62,5,0.978,0.115,"ccaattaaNaccaatagcagtc","28498","",1,"0.213","cgtctggtagNtcttcggta","28541","",1,"0.214"
"ccaattaacaccaatagcagtc",22,28490,28511,55.43,40.91,"tcgtctggtagctcttcg",18,28535,28552,56.75,55.56,1.33,63,5,0.978,0.124,"ccaattaaNaccaatagcagtc","28498","",1,"0.213","tcgtctggtagNtcttcg","28541","",1,"0.214"
"ccaattaacaccaatagcagtc",22,28490,28511,55.43,40.91,"ttcgtctggtagctcttcg",19,28535,28553,57.55,52.63,2.12,64,5,0.978,0.183,"ccaattaaNaccaatagcagtc","28498","",1,"0.213","ttcgtctggtagNtcttcg","28541","",1,"0.214"
"ccaattaacaccaatagcagtc",22,28490,28511,55.43,40.91,"attcgtctggtagctcttcg",20,28535,28554,57.41,50,1.99,65,5,0.978,0.174,"ccaattaaNaccaatagcagtc","28498","",1,"0.213","attcgtctggtagNtcttcg","28541","",1,"0.214"
"ccaattaacaccaatagcagtc",22,28490,28511,55.43,40.91,"aattcgtctggtagctcttcg",21,28535,28555,58.11,47.62,2.68,66,5,0.978,0.167,"ccaattaaNaccaatagcagtc","28498","",1,"0.213","aattcgtctggtagNtcttcg","28541","",1,"0.214"
"ccaattaacaccaatagcagtc",22,28490,28511,55.43,40.91,"gaattcgtctggtagctcttc",21,28536,28556,56.17,47.62,0.75,67,5,0.978,0.136,"ccaattaaNaccaatagcagtc","28498","",1,"0.213","gaattcgtctggtagNtcttc","28541","",1,"0.214"
"ccaattaacaccaatagcagtc",22,28490,28511,55.43,40.91,"cgaattcgtctggtagctc",19,28539,28557,55.82,52.63,0.4,68,5,0.978,0.136,"ccaattaaNaccaatagcagtc","28498","",1,"0.213","cgaattcgtctggtagNtc","28541","",1,"0.214"
"ccaattaacaccaatagcagtc",22,28490,28511,55.43,40.91,"acgaattcgtctggtagctc",20,28539,28558,57.7,50,2.27,69,5,0.978,0.127,"ccaattaaNaccaatagcagtc","28498","",1,"0.213","acgaattcgtctggtagNtc","28541","",1,"0.214"
"ccaattaacaccaatagcagtc",22,28490,28511,55.43,40.91,"cacgaattcgtctggtagc",19,28541,28559,56.43,52.63,1,70,5,0.978,0.139,"ccaattaaNaccaatagcagtc","28498","",1,"0.213","cacgaattcgtctggtagN","28541","",1,"0.214"
"ccaattaacaccaatagcagtc",22,28490,28511,55.43,40.91,"ccacgaattcgtctggtagc",20,28541,28560,58.99,55,3.56,71,5,0.978,0.13,"ccaattaaNaccaatagcagtc","28498","",1,"0.213","ccacgaattcgtctggtagN","28541","",1,"0.214"
"ccaattaacaccaatagcagtc",22,28490,28511,55.43,40.91,"accacgaattcgtctggta",19,28543,28561,56.63,47.37,1.2,72,5,0.978,0.423,"ccaattaaNaccaatagcagtc","28498","",1,"0.213","accacgaattcgtctggta","","",0,""
"ccaattaacaccaatagcagtc",22,28490,28511,55.43,40.91,"caccacgaattcgtctggta",20,28543,28562,58.17,50,2.75,73,5,0.978,0.419,"ccaattaaNaccaatagcagtc","28498","",1,"0.213","caccacgaattcgtctggta","","",0,""
"ccaattaacaccaatagcagtc",22,28490,28511,55.43,40.91,"ccaccacgaattcgtctgg",19,28545,28563,58.44,57.89,3.02,74,5,0.978,0.414,"ccaattaaNaccaatagcagtc","28498","",1,"0.213","ccaccacgaattcgtctgg","","",0,""
"ccaattaacaccaatagcagtc",22,28490,28511,55.43,40.91,"accaccacgaattcgtctgg",20,28545,28564,60.25,55,4.82,75,5,0.978,0.409,"ccaattaaNaccaatagcagtc","28498","",1,"0.213","accaccacgaattcgtctgg","","",0,""
"ccaattaacaccaatagcagtc",22,28490,28511,55.43,40.91,"caccaccacgaattcgtc",18,28548,28565,56,55.56,0.57,76,5,0.978,0.072,"ccaattaaNaccaatagcagtc","28498","",1,"0.213","caccaccacgaattcgtc","","",0,""
"ccaattaacaccaatagcagtc",22,28490,28511,55.43,40.91,"tcaccaccacgaattcgtc",19,28548,28566,57.67,52.63,2.24,77,5,0.978,0.067,"ccaattaaNaccaatagcagtc","28498","",1,"0.213","tcaccaccacgaattcgtc","","",0,""
"ccaattaacaccaatagcagtc",22,28490,28511,55.43,40.91,"cgtcaccaccacgaattc",18,28551,28568,56,55.56,0.57,79,5,0.978,0.352,"ccaattaaNaccaatagcagtc","28498","",1,"0.213","cgtcaccaccacgaattc","","",0,""
"ccaattaacaccaatagcagtc",22,28490,28511,55.43,40.91,"ccgtcaccaccacgaatt",18,28552,28569,57.51,55.56,2.08,80,5,0.978,0.352,"ccaattaaNaccaatagcagtc","28498","",1,"0.213","ccgtcaccaccacgaatt","","",0,""
"ccaattaacaccaatagcagtc",22,28490,28511,55.43,40.91,"accgtcaccaccacgaat",18,28553,28570,58.75,55.56,3.33,81,5,0.978,0.41,"ccaattaaNaccaatagcagtc","28498","",1,"0.213","accgtcaccaccacgaat","","",0,""
"ccaattaacaccaatagcagtc",22,28490,28511,55.43,40.91,"taccgtcaccaccacgaa",18,28554,28571,59.48,55.56,4.05,82,5,0.978,0.063,"ccaattaaNaccaatagcagtc","28498","",1,"0.213","taccgtcaccaccacgaa","","",0,""
"ccaattaacaccaatagcagtc",22,28490,28511,55.43,40.91,"ttaccgtcaccaccacga",18,28555,28572,59.48,55.56,4.05,83,5,0.978,0.063,"ccaattaaNaccaatagcagtc","28498","",1,"0.213","ttaccgtcaccaccacga","","",0,""
"ccaattaacaccaatagcagtc",22,28490,28511,55.43,40.91,"tttaccgtcaccaccacg",18,28556,28573,58.54,55.56,3.11,84,5,0.978,0.065,"ccaattaaNaccaatagcagtc","28498","",1,"0.213","tttaccgtcaccaccacg","","",0,""
"ccaattaacaccaatagcagtc",22,28490,28511,55.43,40.91,"cttctggcccagttccta",18,28611,28628,55.88,55.56,0.45,139,8,0.978,0.091,"ccaattaaNaccaatagcagtc","28498","",1,"0.213","Nttctggcccagttccta","28628","P.2",1,"0.187"
"gctaacaatgctgcaatcg",19,28727,28745,55.59,47.37,"ctgctgcctggagttgaa",18,28861,28878,56.62,55.56,1.03,152,11,0.637,0.105,"NctaacaatgctgcaatNg","28727 / 28744","",2,"0.193 / 0.233","NNgctgcctNNagttgaa","28868 / 28869 / 28877 / 28878","P.1",4,"0.104 / 1.811 / 1.842 / 1.989"
"gctaacaatgctgcaatcg",19,28727,28745,55.59,47.37,"ctactgctgcctggagttgaa",21,28861,28881,60.07,52.38,4.48,155,13,0.637,0.093,"NctaacaatgctgcaatNg","28727 / 28744","",2,"0.193 / 0.233","NtNNNgctgcctNNagttgaa","28868 / 28869 / 28877 / 28878 / 28879 / 28881","B.1.1.7 / P.1 / P.2 / B.1.1.529 / C.1.2",6,"0.104 / 1.811 / 1.842 / 1.989 / 0.139 / 91.249"
"gctaacaatgctgcaatcg",19,28727,28745,55.59,47.37,"cctactgctgcctggagttg",20,28863,28882,60.46,60,4.87,156,14,0.637,0.09,"NctaacaatgctgcaatNg","28727 / 28744","",2,"0.193 / 0.233","NNtNNNgctgcctNNagttg","28868 / 28869 / 28877 / 28878 / 28879 / 28881 / 28882","B.1.1.7 / P.1 / P.2 / B.1.1.529 / C.37 / C.1.2",7,"0.104 / 1.811 / 1.842 / 1.989 / 0.139 / 91.249 / 57.589"
"ctcgttcctcatcacgtagtcgcaa",25,28824,28848,64.76,52,"ccctactgctgcctggagttgaa",23,28861,28883,64.35,56.52,0.42,60,13,0.837,0.088,"ctcgttcctHatcacgtagtcgcaa","28833","",1,"0.182","NNNtNNNgctgcctNNagttgaa","28868 / 28869 / 28877 / 28878 / 28879 / 28881 / 28882 / 28883","B.1.1.7 / P.1 / P.2 / B.1.1.529 / C.37 / C.1.2",8,"0.104 / 1.811 / 1.842 / 1.989 / 0.139 / 91.249 / 57.589 / 57.653"
"ttcctcatcacgtagtcgcaacag",24,28828,28851,62.91,50,"cattctagcaggagaagttccc",22,28882,28903,57.95,50,4.95,76,19,1.483,0.174,"ttcctHatcacgtagtcgcaaNaN","28833 / 28849 / 28851","",3,"0.182 / 0.195 / 0.152","NattNtagNagNagaaNttNNN","28882 / 28883 / 28884 / 28887 / 28892 / 28895 / 28899 / 28903","B.1.1.7 / P.1 / B.1.351 / P.2 / B.1.1.529 / C.37 / C.1.2 / B.1.621",8,"57.589 / 57.653 / 0.926 / 1.227 / 0.128 / 0.369 / 0.116 / 0.114"
"ttcctcatcacgtagtcgcaacag",24,28828,28851,62.91,50,"ccattctagcaggagaagttcc",22,28883,28904,57.95,50,4.95,77,19,1.483,0.428,"ttcctHatcacgtagtcgcaaNaN","28833 / 28849 / 28851","",3,"0.182 / 0.195 / 0.152","cNattNtagNagNagaaNttNN","28883 / 28884 / 28887 / 28892 / 28895 / 28899 / 28903","B.1.1.7 / P.1 / B.1.351 / P.2 / B.1.1.529 / C.37 / C.1.2 / B.1.621",7,"57.653 / 0.926 / 1.227 / 0.128 / 0.369 / 0.116 / 0.114"
"ttcctcatcacgtagtcgcaacag",24,28828,28851,62.91,50,"gccattctagcaggagaagttc",22,28884,28905,58.3,50,4.6,78,20,1.483,0.453,"ttcctHatcacgtagtcgcaaNaN","28833 / 28849 / 28851","",3,"0.182 / 0.195 / 0.152","NcNattNtagNagNagaaNttN","28884 / 28887 / 28892 / 28895 / 28899 / 28903 / 28905","B.1.351 / B.1.621",7,"0.926 / 1.227 / 0.128 / 0.369 / 0.116 / 0.114 / 0.112"
"ttcctcatcacgtagtcgcaacag",24,28828,28851,62.91,50,"cattgccagccattctagcaggaga",25,28889,28913,63.64,52,0.73,86,22,1.483,0.283,"ttcctHatcacgtagtcgcaaNaN","28833 / 28849 / 28851","",3,"0.182 / 0.195 / 0.152","NattNccaNcNattNtagNagNaga","28892 / 28895 / 28899 / 28903 / 28905 / 28909 / 28913","B.1.1.7 / C.37",7,"0.128 / 0.369 / 0.116 / 0.114 / 0.112 / 0.122 / 0.094"
"ttcctcatcacgtagtcgcaacag",24,28828,28851,62.91,50,"cgccattgccagccattctagca",23,28894,28916,64.67,56.52,1.77,89,23,1.483,0.653,"ttcctHatcacgtagtcgcaaNaN","28833 / 28849 / 28851","",3,"0.182 / 0.195 / 0.152","NgcNattNccaNcNattNtagNa","28895 / 28899 / 28903 / 28905 / 28909 / 28913 / 28916","B.1.1.7 / B.1.617.2 / C.37",7,"0.369 / 0.116 / 0.114 / 0.112 / 0.122 / 0.094 / 29.627"
"ttcctcatcacgtagtcgcaacag",24,28828,28851,62.91,50,"agcaagagcagcatcaccgc",20,28914,28933,62.23,60,0.67,106,24,1.483,0.636,"ttcctHatcacgtagtcgcaaNaN","28833 / 28849 / 28851","",3,"0.182 / 0.195 / 0.152","aNcaagagcagcatcacNgc","28916 / 28932","B.1.617.2",2,"29.627 / 1.735"
"atgctgctcttgctttgc",18,28920,28937,56.7,50,"gttggcctttaccagacatt",20,28972,28991,55.67,45,1.03,72,9,1.657,0.768,"atgctgctcttgNtttgc","28932","",1,"1.735","gttggcNtttaccaNaNatt","28975 / 28977 / 28985","B.1.1.7 / P.2",3,"1.64 / 11.89 / 0.132"
"atgctgctcttgctttgc",18,28920,28937,56.7,50,"gttgttggcctttaccaga",19,28976,28994,55.72,47.37,0.98,75,9,1.657,0.04,"atgctgctcttgNtttgc","28932","",1,"1.735","gttgttggcNtttaccaNa","28977 / 28985","B.1.1.7",2,"11.89 / 0.132"
"acgtggttgacctacaca",18,29258,29275,55.66,50,"gagtttcatcagccttcttctt",22,29390,29411,55.53,40.91,0.13,154,19,1.688,0.171,"acNtggttNacctaHaca","29260 / 29266 / 29272","",3,"0.215 / 0.103 / 0.312","gaNtttcatNagNcttcttNtt","29392 / 29399 / 29402 / 29409","B.1.617.1 / B.1.617.2",4,"0.257 / 0.404 / 33.493 / 0.2"
"acgtggttgacctacacag",19,29258,29276,57.02,52.63,"ctgcggtaaggcttgagtttcatc",24,29402,29425,61.95,50,4.93,168,23,1.673,0.213,"acNtggttNacctaHacag","29260 / 29266 / 29272","",3,"0.215 / 0.103 / 0.312","NtgNNNtaaggcttgaNtttcatN","29402 / 29409 / 29420 / 29421 / 29422 / 29425","B.1.617.1 / B.1.617.2 / C.1.2",6,"33.493 / 0.2 / 0.144 / 0.178 / 0.545 / 0.047"
"acgtggttgacctacaca",18,29258,29275,55.66,50,"ctgcggtaaggcttgagtttc",21,29405,29425,59.87,52.38,4.21,168,23,1.688,0.58,"acNtggttNacctaHaca","29260 / 29266 / 29272","",3,"0.215 / 0.103 / 0.312","NtgNNNtaaggcttgaNtttc","29409 / 29420 / 29421 / 29422 / 29425","C.1.2",5,"0.2 / 0.144 / 0.178 / 0.545 / 0.047"
"ccagtatctgaattacttacaccac",25,2918,2942,57.23,40,"cctcatctggagggtagaaa",20,3034,3053,55.62,50,1.61,136,7,1.775,0.517,"ccagtatctgaattacttacaccac","","",0,"","cctcatctNgagggtaNaaa","3037 / 3045","B.1.1.7 / P.1 / B.1.351 / B.1.617.1 / B.1.617.2 / P.2 / C.37 / C.1.2 / B.1.621",2,"99.465 / 0.112"
"gatagtcaacaaactgttggtcaac",25,3212,3236,58.8,40,"gaatagtagttgtctgattgtcctc",25,3248,3272,57,40,1.8,61,7,2.405,2.793,"gatagtcaacaaactgttggtcaac","","",0,"","gaataNtaNttNtNtgNttgtcNtc","3250 / 3256 / 3259 / 3261 / 3264 / 3267","B.1.1.7",6,"0.126 / 0.1 / 0.158 / 0.142 / 0.105 / 11.954"
"cttacaccagttgttcagacta",22,3311,3332,55.45,40.91,"gcattaacaaccactgttgg",20,3425,3444,55.22,45,0.23,134,5,2.428,0.558,"cttacaccagttgttcagaNta","3330","",1,"0.1","gcattaacaaccaNtgNtgg","3428 / 3431","B.1.621",2,"0.132 / 0.106"
"cttacaccagttgttcagacta",22,3311,3332,55.45,40.91,"gtaaacattggctgcattaacaacc",25,3433,3457,59.43,40,3.99,147,5,2.428,0.702,"cttacaccagttgttcagaNta","3330","",1,"0.1","gtaaacattggctgcattaacaacc","","",0,""
"gattcctaaagaggaagttaagcca",25,3880,3904,58.58,40,"ggaacttagtttcttccagagttg",24,3987,4010,57.99,41.67,0.59,131,7,2.259,0.462,"gattcctaaagaggaagttaagcca","","",0,"","ggaacttaNtttcttcNagagttg","3994 / 4002","C.37 / C.1.2",2,"0.162 / 0.247"
"gccactcttgttagtgacatt",21,4067,4087,56.18,42.86,"gtagtgccaccagccttt",18,4177,4194,57.31,55.56,1.14,128,7,2.242,0.177,"gccactcttgttagtgaNatt","4084","",1,"0.227","gtagtgccacNNgNcttt","4181 / 4183 / 4184","B.1.617.2",3,"29.417 / 0.102 / 29.307"
"cctattctggacaatctacacaac",24,4809,4832,57.09,41.67,"ggaatgtggtaggattactagtgta",25,4874,4898,58.46,40,1.37,90,6,1.135,0.883,"cctattctggacaatctacacaaN","4832","",1,"0.134","ggaatNtDNtaggattactaNtgta","4878 / 4890 / 4891 / 4893","B.1.621",4,"0.158 / 0.136 / 0.301 / 0.373"
"cctagatggtgaagttatcacct",23,4900,4922,57.12,43.48,"agtcctcacttctctcaaagaa",22,4945,4966,56.43,40.91,0.7,67,4,1.534,1.201,"NctagaNggtgaagttatcacct","4900 / 4906","",2,"0.204 / 0.393","aDtcctcacttctctcaaagaa","4965","B.1.617.1",1,"0.148"
"taatgatgacactctacgtgttgag",25,5131,5155,58.68,40,"aaactaggatcagttgtgtggtag",24,5167,5190,58.75,41.67,0.08,60,7,0.88,0.379,"taatgatgacactNtacgtgttgag","5144","",1,"0.306","aaactaNNatcagttDtDtgRtag","5170 / 5173 / 5175 / 5183 / 5184","C.1.2",5,"0.116 / 0.122 / 0.106 / 0.382 / 3.437"
"actaccacacaactgatcct",20,5166,5185,55.78,45,"ccattaacttgtgggtatttccac",24,5230,5253,58.04,41.67,2.26,88,8,1.312,0.549,"actaYcaHaHaactgatNNt","5170 / 5173 / 5175 / 5183 / 5184","C.1.2",5,"0.116 / 0.122 / 0.106 / 0.382 / 3.437","ccattaacttgtggDtatttccaN","5230 / 5239","B.1.351",2,"0.265 / 1.348"
"ctgttatcttgccactgcattg",22,5284,5305,58.23,45.45,"agcagcttcaccagcccttg",20,5370,5389,62.13,60,3.9,106,6,1.373,1.138,"Ytgttatcttgccactgcattg","5284","",1,"0.959","aNcNgcttcaccagcccttg","5386 / 5388","B.1.1.7",2,"12.92 / 11.875"
"acttgtggacaacagcag",18,5525,5542,55.08,50,"ttgtagcttgtttaccacacg",21,5628,5648,57.99,42.86,2.9,124,8,1.776,0.787,"aNttgtggacaacaNcag","5526 / 5539","",2,"0.175 / 0.165","NtgtagcttgNttaccacaNg","5629 / 5638 / 5648","P.1",3,"0.472 / 0.215 / 1.029"
"cgaactgcacctcatggtcatgtta",25,494,518,63.31,48,"caccactacgaccgtactgaa",21,549,569,61.22,52.38,2.08,76,4,1.929,0.159,"cgaactgcacctcatggtcatgtta","","",0,"","BaccactacgaccDtactgaa","556 / 569","C.1.2",2,"0.106 / 0.034"
"cagaaattgaccctaagttggacaa",25,5934,5958,59.47,40,"gatcaattggttgctctgtgaa",22,5984,6005,55.81,40.91,3.66,72,2,1.318,0.781,"cagaaattgaHcctaagttggacaa","5944","",1,"0.803","gatcaattggttgctctgtNaa","5986","B.1.1.7",1,"11.991"
"cagaaattgaccctaagttggacaa",25,5934,5958,59.47,40,"gcttgcgtttggatatggttgg",22,6016,6037,59.91,50,0.44,104,6,1.318,0.734,"cagaaattgaHcctaagttggacaa","5944","",1,"0.803","NcttgcNtttNNatatggttgg","6026 / 6027 / 6031 / 6037","B.1.621",4,"0.189 / 0.282 / 0.15 / 0.189"
"tcgtttgatgtactgaagtcag",22,6335,6356,56.16,40.91,"ctacttcttcagagactggttt",22,6398,6419,55.76,40.91,0.4,85,5,1.337,0.601,"tBgtttgatgtactgaaNtcag","6336 / 6352","",2,"0.135 / 0.137","ctacttcttcaNagactNNttt","6401 / 6402 / 6408","B.1.617.2",3,"0.173 / 29.865 / 0.399"
"catgccttcttactgtactggttac",25,7039,7063,59.42,44,"gtatagaaccagtacagtaggttgc",25,7100,7124,60.05,44,0.63,86,4,1.578,2.047,"catNccttcttactgtactggttac","7042","",1,"0.767","NtatagaaccaNtacagtaggttgc","7113 / 7124","B.1.617.2 / C.37",2,"0.117 / 29.794"
"acggtcgtagtggtgaga",18,555,572,57.19,55.56,"atcttcataaggatcagtgcca",22,712,733,55.5,40.91,1.7,179,11,1.113,0.297,"aHggtcgtagtggtVaga","556 / 569","C.1.2",2,"0.106 / 0.034","Ntcttcataaggatcagtgcca","733","P.1",1,"1.023"
"ttagtgatgaagttgcgagag",21,7659,7679,55.75,42.86,"ctggtcagtaggatttattggtctt",25,7699,7723,58.35,40,2.6,65,2,1.132,0.168,"ttagtgatgaagttgcNagag","7675","",1,"0.122","ctggtcagtaggatttattggtctH","7699","C.1.2",1,"0.004"
"ttgtattgactgtagtgcgc",20,8335,8354,56.18,45,"cgttccatatcaaagcaatgttgtg",25,8384,8408,58.7,40,2.51,74,4,0.866,0.374,"ttgtattgactgtaNtgcgc","8349","",1,"0.127","cgttccatatcaaagNaatDttgtg","8389 / 8393","B.1.1.529",2,"0.115 / 12.894"
"ctagcacgtgctggtaaagcttca",24,878,901,63.39,50,"agtgtcaataaagtccagttgttcg",25,913,937,59.99,40,3.4,60,5,1.62,0.622,"ctagcaNgtgctggtaaagcttca","884","",1,"0.436","aNtNtcaataaagtccaNttgttcN","913 / 920 / 934 / 936","B.1.1.7",4,"11.898 / 0.115 / 0.155 / 0.274"
