"Forward.Primer","Fw.Length","Fw.Start","Fw.End","Fw.Tm","Fw.GC","Reverse.Primer","Rv.Length","Rv.Start","Rv.End","Rv.Tm","Rv.GC","Tm.Difference","Amplicon.Length","Amplicon.Mutations","Fw.SARS.CoV.2.Specificity","Rv.SARS.CoV.2.Specificity"
"GGTCGTAGTGGTGAGACA",18,557,574,55.56,55.56,"AAGGATCAGTGCCAAGCTC",19,707,725,57.43,52.63,1.87,169,11,0.971,0.204
"GGTCGTAGTGGTGAGACA",18,557,574,55.56,55.56,"CATAAGGATCAGTGCCAAGC",20,709,728,56.56,50,1,172,11,0.971,0.279
"GGTCGTAGTGGTGAGACA",18,557,574,55.56,55.56,"CTTCATAAGGATCAGTGCCAAG",22,710,731,56.84,45.45,1.28,175,11,0.971,0.259
"GGTCGTAGTGGTGAGACA",18,557,574,55.56,55.56,"TCTTCATAAGGATCAGTGCCA",21,712,732,56.43,42.86,0.87,176,11,0.971,0.307
"GGTCGTAGTGGTGAGACA",18,557,574,55.56,55.56,"ATGCCCCTCCGTTAAGCTC",19,791,809,59.47,57.89,3.91,253,14,0.971,0.253
"GGTCGTAGTGGTGAGACA",18,557,574,55.56,55.56,"GTATGCCCCTCCGTTAAGC",19,793,811,58,57.89,2.44,255,14,0.971,0.55
"GGTCGTAGTGGTGAGACA",18,557,574,55.56,55.56,"AGTGTATGCCCCTCCGTTAAG",21,794,814,59.51,52.38,3.95,258,14,0.971,0.517
"GGTCGTAGTGGTGAGACA",18,557,574,55.56,55.56,"GCTAGAAGGTCTTTAATGCACTCAA",25,858,882,59.36,40,3.8,326,20,0.971,0.506
"GGTCGTAGTGGTGAGACA",18,557,574,55.56,55.56,"TGCTAGAAGGTCTTTAATGCAC",22,862,883,56.44,40.91,0.88,327,20,0.971,0.582
"GGTCGTAGTGGTGAGACA",18,557,574,55.56,55.56,"AAGTGCATGAAGCTTTACCA",20,889,908,55.55,40,0.01,352,21,0.971,0.901
"GGTCGTAGTGGTGAGACA",18,557,574,55.56,55.56,"AAAGTGCATGAAGCTTTACCAG",22,888,909,57.49,40.91,1.93,353,21,0.971,0.85
"GGTCGTAGTGGTGAGACA",18,557,574,55.56,55.56,"ACAAAGTGCATGAAGCTTTACC",22,890,911,57.76,40.91,2.2,355,21,0.971,0.572
"GGTCGTAGTGGTGAGACA",18,557,574,55.56,55.56,"GACAAAGTGCATGAAGCTTTAC",22,891,912,56.52,40.91,0.96,356,21,0.971,0.866
"TGCTGGTAAAGCTTCATGC",19,886,904,56.2,47.37,"CCATCAAGCTTTTTCTTTTCAACCC",25,1125,1149,59.76,40,3.56,264,9,1.135,0.493
"GGTCTTAATGACAACCTTCTTG",22,1598,1619,55.03,40.91,"GTGGAAGCAGAAAAAGATGCC",21,1696,1716,58.05,47.62,3.02,119,4,0.729,0.227
"GGTCTTAATGACAACCTTCTTG",22,1598,1619,55.03,40.91,"CTTGTGGAAGCAGAAAAAGATGC",23,1697,1719,59.01,43.48,3.98,122,4,0.729,0.177
"GGTCTTAATGACAACCTTCTTG",22,1598,1619,55.03,40.91,"CACTTGTGGAAGCAGAAAAAGATG",24,1698,1721,59.02,41.67,3.99,124,4,0.729,0.176
"CTGTGCCCTTGCACCTAATA",20,2662,2681,57.58,50,"CTGCCACAACACAGGCGAA",19,2876,2894,61.19,57.89,3.61,233,12,1.526,0.387
"CTGTGCCCTTGCACCTAATA",20,2662,2681,57.58,50,"AGCATCTGCCACAACACAGG",20,2880,2899,60.89,55,3.31,238,12,1.526,0.541
"CTGTGCCCTTGCACCTAATA",20,2662,2681,57.58,50,"ACAGCATCTGCCACAACACAG",21,2881,2901,61.42,52.38,3.84,240,12,1.526,0.531
"CTGTGCCCTTGCACCTAATA",20,2662,2681,57.58,50,"GTGGTGTAAGTAATTCAGATACTGG",25,2918,2942,57.23,40,0.35,281,15,1.526,0.439
"TACAGTTGAACTCGGTACAGAA",22,2845,2866,56.81,40.91,"CACCTTCTTCTTCATCCTCATC",22,3047,3068,56.24,45.45,0.57,224,10,0.557,0.445
"TTGTGAAGAAGAAGAGTTTGAGCCA",25,3070,3094,60.86,40,"AACAACTGGTGTAAGTTCCATC",22,3304,3325,56.55,40.91,4.31,256,11,1.41,1.955
"TTGTGAAGAAGAAGAGTTTGAGCCA",25,3070,3094,60.86,40,"CTGAACAACTGGTGTAAGTTCCA",23,3306,3328,58.8,43.48,2.06,259,11,1.41,1.389
"TTGTGAAGAAGAAGAGTTTGAGCCA",25,3070,3094,60.86,40,"TCTGAACAACTGGTGTAAGTTC",22,3308,3329,56.25,40.91,4.61,260,11,1.41,0.986
"AGAAGAGCAAGAAGAAGATTGG",22,3181,3202,56.08,40.91,"CTTCTTCCACAATGTCTGCA",20,3391,3410,55.97,45,0.11,230,9,0.527,0.958
"GAAAGCTTTGAGAAAAGTGCCAACAG",26,4207,4232,61.87,42.31,"AGCATTTCTCGCAAATTCCAAG",22,4380,4401,58.16,40.91,3.71,195,9,1.204,0.398
"GAAAGCTTTGAGAAAAGTGCCAACAG",26,4207,4232,61.87,42.31,"CAAGCATTTCTCGCAAATTCCAAGA",25,4379,4403,61.07,40,0.8,197,9,1.204,0.394
"GAAAGCTTTGAGAAAAGTGCCAACAG",26,4207,4232,61.87,42.31,"GCAAGCATTTCTCGCAAATTCCAA",24,4381,4404,61.62,41.67,0.25,198,9,1.204,0.39
"GTTATCTTGCCACTGCATTG",20,5286,5305,55.33,45,"ACCTACTGTCTTATTACAGTAGGC",24,5411,5434,57.29,41.67,1.96,149,6,1.364,0.546
"GTTATCTTGCCACTGCATTG",20,5286,5305,55.33,45,"CACCTACTGTCTTATTACAGTAGG",24,5412,5435,55.81,41.67,0.48,150,6,1.364,0.57
"AGAGCAAGGGCTGGTGAA",18,5366,5383,58.42,55.56,"CATGTACATAACAGCTTCTACACC",24,5555,5578,57.41,41.67,1.01,213,10,0.609,0.125
"AGAGCAAGGGCTGGTGAA",18,5366,5383,58.42,55.56,"CCATGTACATAACAGCTTCTACAC",24,5556,5579,57.41,41.67,1.01,214,10,0.609,0.136
"AGAGCAAGGGCTGGTGAA",18,5366,5383,58.42,55.56,"CCCATGTACATAACAGCTTCTACA",24,5557,5580,58.33,41.67,0.09,215,10,0.609,0.136
"CAGAATACAAAGGTCCTATTACGG",24,5835,5858,56.91,41.67,"GGTTGGTTTGGTACAAGATCAA",22,6000,6021,56.81,40.91,0.1,187,8,0.913,0.67
"CAGAATACAAAGGTCCTATTACGG",24,5835,5858,56.91,41.67,"ATGGTTGGTTTGGTACAAGATC",22,6002,6023,56.6,40.91,0.31,189,8,0.913,0.525
"GTCACTATTGCAACCTACTGTA",22,7091,7112,55.58,40.91,"GGGGCCATTTGTACAAGATTAA",22,7371,7392,56.65,40.91,1.07,302,10,0.85,0.626
"AACAAGAGAAGTGGGTTTTGTC",22,8839,8860,57.02,40.91,"GGCTTACCAGAAGCATCTTTAA",22,9030,9051,56.42,40.91,0.6,213,9,1.223,0.59
"AACATCAGCTTGTGTTTTGGC",21,8992,9012,58.17,42.86,"AACGTGTGTCAGGGCGTAAA",20,9106,9125,60.18,50,2.01,134,3,0.674,1.236
"AACATCAGCTTGTGTTTTGGC",21,8992,9012,58.17,42.86,"CTTCTGATCTTTCACAAGTGC",21,9225,9245,55.17,42.86,3,254,13,0.674,0.663
"GGTGTTTGTGTATCTACTAGTGG",23,9248,9270,56.38,43.48,"AATACCACCAGCTACTATAGATGC",24,9398,9421,57.71,41.67,1.33,174,3,0.232,0.512
"GGTGTTTGTGTATCTACTAGTGG",23,9248,9270,56.38,43.48,"ACAATACCACCAGCTACTATAGATG",25,9399,9423,57.77,40,1.39,176,3,0.232,0.754
"AGAGACGTGTAGTCTTTAATGGTG",24,9750,9773,58.29,41.67,"AGATGACAACAAGCAGCTTCTC",22,9945,9966,58.93,45.45,0.64,217,11,0.665,0.615
"AGAGACGTGTAGTCTTTAATGGTG",24,9750,9773,58.29,41.67,"GGTGGTTGGTAAAGAACATCA",21,10003,10023,56.07,42.86,2.22,274,13,0.665,0.113
"AGAGACGTGTAGTCTTTAATGGTG",24,9750,9773,58.29,41.67,"GTGGTGGTTGGTAAAGAACATC",22,10004,10025,57.5,45.45,0.79,276,13,0.665,0.1
"AGAGACGTGTAGTCTTTAATGGTG",24,9750,9773,58.29,41.67,"TGTGGTGGTTGGTAAAGAAC",20,10007,10026,55.79,45,2.5,277,13,0.665,0.147
"AGAGAAGCTGCTTGTTGTCATC",22,9944,9965,58.93,45.45,"AGAGGTGCAGATCACATGTCTTGG",24,10169,10192,62.67,50,3.74,249,13,1.183,0.264
"AGAGAAGCTGCTTGTTGTCATC",22,9944,9965,58.93,45.45,"CAGAGGTGCAGATCACATG",19,10175,10193,55.7,52.63,3.23,250,13,1.183,0.325
"AGAGAAGCTGCTTGTTGTCATC",22,9944,9965,58.93,45.45,"TCAGAGGTGCAGATCACA",18,10177,10194,55.05,50,3.88,251,13,1.183,0.619
"GTAGTTTACTGTCCAAGACATGTG",24,10157,10180,57.53,41.67,"AACATTACCAGCCTGTACCAA",21,10253,10273,57.2,42.86,0.33,117,4,0.508,0.862
"GTAGTTTACTGTCCAAGACATGTG",24,10157,10180,57.53,41.67,"GAACATTACCAGCCTGTACC",20,10255,10274,55.83,50,1.7,118,4,0.508,0.835
"GTAGTTTACTGTCCAAGACATGTG",24,10157,10180,57.53,41.67,"TGAACATTACCAGCCTGTAC",20,10256,10275,55.08,45,2.45,119,4,0.508,0.475
"TTGGTACAGGCTGGTAATGTTC",22,10253,10274,58.32,45.45,"AAACCAACACTACCACATGAAC",22,10482,10503,57.09,40.91,1.23,251,12,0.456,0.266
"TTGGTACAGGCTGGTAATGTTC",22,10253,10274,58.32,45.45,"AAAACCAACACTACCACATGAACC",24,10481,10504,59.9,41.67,1.58,252,12,0.456,0.256
"GGTTGATACAGCCAATCCTAA",21,10324,10344,55.36,42.86,"TGTGCCAGCATGAACTCCA",19,10561,10579,59.54,52.63,4.18,256,11,0.304,0.496
"GGTTGATACAGCCAATCCTAA",21,10324,10344,55.36,42.86,"CTGTGCCAGCATGAACTCC",19,10562,10580,58.82,57.89,3.46,257,11,0.304,0.256
"GCTTGTTACAATGGTTCACCA",21,10400,10420,57,42.86,"CTGCTTGTGCTGTTTGCC",18,10617,10634,57.67,55.56,0.67,235,11,0.105,0.618
"GCTTGTTACAATGGTTCACCA",21,10400,10420,57,42.86,"AGCTGCTTGTGCTGTTTGC",19,10618,10636,59.93,52.63,2.93,237,11,0.105,0.654
"GCTTGTTACAATGGTTCACCA",21,10400,10420,57,42.86,"GTACCAGCTGCTTGTGCTG",19,10623,10641,59.13,57.89,2.13,242,11,0.105,0.496
"AAATGGTATGAATGGACGTACC",22,10873,10894,56.22,40.91,"CAACCATATCCAACCATGTCA",21,11256,11276,55.92,42.86,0.3,404,14,0.434,0.292
"AAATGGTATGAATGGACGTACC",22,10873,10894,56.22,40.91,"AGTATCAACCATATCCAACCATGTC",25,11257,11281,58.7,40,2.48,409,14,0.434,0.268
"TGCTATGTCTGCTTTTGCA",19,11122,11140,55.41,42.11,"AGCTGATGCATACATAACACAGTC",24,11306,11329,59.19,41.67,3.78,208,8,1.014,0.088
"TGCTATGTCTGCTTTTGCA",19,11122,11140,55.41,42.11,"CAGCTGATGCATACATAACACA",22,11309,11330,56.85,40.91,1.44,209,8,1.014,0.132
"TGCTATGTCTGCTTTTGCA",19,11122,11140,55.41,42.11,"ACAGCTGATGCATACATAACACAG",24,11308,11331,59.43,41.67,4.02,210,8,1.014,0.135
"TGCTATGTCTGCTTTTGCA",19,11122,11140,55.41,42.11,"CAGTTCTTGCTGTCATAAGGATTAG",25,11339,11363,57.76,40,2.35,242,10,1.014,0.621
"TGCTATGTCTGCTTTTGCA",19,11122,11140,55.41,42.11,"ACAGTTCTTGCTGTCATAAGGA",22,11343,11364,57.38,40.91,1.97,243,10,1.014,0.75
"TGCTATGTCTGCTTTTGCA",19,11122,11140,55.41,42.11,"ACACTCTCCTAGCACCATCA",20,11371,11390,57.76,50,2.35,269,11,1.014,0.3
"TGCTATGTCTGCTTTTGCA",19,11122,11140,55.41,42.11,"CACACTCTCCTAGCACCA",18,11374,11391,55.5,55.56,0.09,270,11,1.014,0.623
"TGCTATGTCTGCTTTTGCA",19,11122,11140,55.41,42.11,"GTCCACACTCTCCTAGCAC",19,11376,11394,56.88,57.89,1.47,273,11,1.014,0.6
"TGCTATGTCTGCTTTTGCA",19,11122,11140,55.41,42.11,"TGTCCACACTCTCCTAGC",18,11378,11395,55.17,55.56,0.24,274,11,1.014,0.269
"AGCTTTAAGGGCCAATTCTG",20,12652,12671,55.98,45,"CCTTTAGGTGTGTCTGTAACAA",22,12909,12930,55.96,40.91,0.02,279,16,0.711,0.067
"AGCTTTAAGGGCCAATTCTG",20,12652,12671,55.98,45,"ACCTTTAGGTGTGTCTGTAACAAAC",25,12907,12931,59.41,40,3.43,280,16,0.711,0.106
"AGCTTTAAGGGCCAATTCTG",20,12652,12671,55.98,45,"GACCTTTAGGTGTGTCTGTAACAAA",25,12908,12932,59.18,40,3.2,281,16,0.711,0.106
"TGCACTGTTATCCGATTTACAG",22,12811,12832,56.53,40.91,"GGCAGCTAAACTACCAAGTAC",21,12989,13009,56.35,47.62,0.18,199,6,1.389,0.377
"TGCACTGTTATCCGATTTACAG",22,12811,12832,56.53,40.91,"TGGCAGCTAAACTACCAAGTA",21,12990,13010,56.66,42.86,0.13,200,6,1.389,0.678
"TGCACTGTTATCCGATTTACAG",22,12811,12832,56.53,40.91,"GCAGGCACTTCTGTTGCA",18,13033,13050,58.56,55.56,2.03,240,8,1.389,0.404
"TGCACTGTTATCCGATTTACAG",22,12811,12832,56.53,40.91,"TGGCAGGCACTTCTGTTGC",19,13034,13052,61.2,57.89,4.67,242,8,1.389,0.389
"TGCACTGTTATCCGATTTACAG",22,12811,12832,56.53,40.91,"AATTGGCAGGCACTTCTGTTG",21,13035,13055,59.66,47.62,3.13,245,8,1.389,0.421
"CTTCACGGAAGAGAGGTTAAAA",22,14262,14283,56.05,40.91,"CAGTTGAAACTACAAATGGAACACC",25,14449,14473,59.02,40,2.97,212,5,1.63,0.132
"CTTCACGGAAGAGAGGTTAAAA",22,14262,14283,56.05,40.91,"CCAGTTGAAACTACAAATGGAACAC",25,14450,14474,59.02,40,2.97,213,5,1.63,0.206
"CTTCACGGAAGAGAGGTTAAAA",22,14262,14283,56.05,40.91,"GATTATGTACAACACCTAGCTCTC",24,14486,14509,56.68,41.67,0.63,248,6,1.63,0.488
"CTTCACGGAAGAGAGGTTAAAA",22,14262,14283,56.05,40.91,"GAAGCAGCGTGCATAGCAG",19,14573,14591,59.65,57.89,3.6,330,8,1.63,0.658
"CTTCACGGAAGAGAGGTTAAAA",22,14262,14283,56.05,40.91,"AGAAGCAGCGTGCATAGCA",19,14574,14592,60.08,52.63,4.03,331,8,1.63,0.66
"CTTCACGGAAGAGAGGTTAAAA",22,14262,14283,56.05,40.91,"ACCAGAAGCAGCGTGCATAG",20,14576,14595,60.74,55,4.69,334,8,1.63,0.4
"CTTCACGGAAGAGAGGTTAAAA",22,14262,14283,56.05,40.91,"ATTACCAGAAGCAGCGTGCA",20,14579,14598,60.32,50,4.27,337,8,1.63,0.484
"TGGATGACAGATGCATTCTG",20,14345,14364,55.52,45,"AAGTGCAGCTACTGAAAAGCA",21,14623,14643,58.42,42.86,2.9,299,6,0.909,0.097
"TGGATGACAGATGCATTCTG",20,14345,14364,55.52,45,"AGTAAGTGCAGCTACTGAAAAG",22,14625,14646,56.39,40.91,0.87,302,6,0.909,0.148
"CTTGTGTATGCTGCTGACCCTGCTA",25,14554,14578,64.82,52,"AGCAGCATTACCATCCTGAGCAAA",24,14764,14787,62.93,45.83,1.89,234,6,0.676,0.062
"ATGGGGTAAGGCTAGACTTTA",21,14964,14984,55.45,42.86,"GCATGGCTCTATCACATTTAGG",22,15298,15319,56.98,45.45,1.53,356,11,0.029,0.409
"ATGGGGTAAGGCTAGACTTTA",21,14964,14984,55.45,42.86,"AGGCATGGCTCTATCACATTTAG",23,15299,15321,58.35,43.48,2.9,358,11,0.029,0.416
"TCCGCAATTTACAACACAGA",20,15599,15618,55.6,40,"ACCTTGAGATGCATAAGTGCTA",22,15741,15762,57.24,40.91,1.64,164,7,0.391,0.816
"TCCGCAATTTACAACACAGA",20,15599,15618,55.6,40,"AGTCCAACATTTTGCTTCAGAC",22,15822,15843,57.43,40.91,1.83,245,10,0.391,0.087
"TCCGCAATTTACAACACAGA",20,15599,15618,55.6,40,"CAGTCCAACATTTTGCTTCAGA",22,15823,15844,57.43,40.91,1.83,246,10,0.391,0.087
"TCCGCAATTTACAACACAGA",20,15599,15618,55.6,40,"CTCAGTCCAACATTTTGCTTCA",22,15825,15846,57.43,40.91,1.83,248,10,0.391,0.392
"GGCTGTTTTGTAGATGATATCG",22,15961,15982,55.09,40.91,"AGCCTGTAAGACTGTATGCG",20,16220,16239,57.41,50,2.32,279,7,0.347,0.713
"GGCTGTTTTGTAGATGATATCG",22,15961,15982,55.09,40.91,"ACAGCCTGTAAGACTGTATGC",21,16221,16241,57.75,47.62,2.66,281,7,0.347,0.708
"ACATGATGAGTTAACAGGACAC",22,16113,16134,56.1,40.91,"CACCACATCTTAATGAAGTCTGTGA",25,16264,16288,59.07,40,2.97,176,4,0.522,0.267
"CAAGGTATTGGGAACCTGAG",20,16178,16197,55.42,50,"CCATTAGCACACAATGGAAAAC",22,16475,16496,56.48,40.91,1.06,319,17,0.109,0.066
"CAAGGTATTGGGAACCTGAG",20,16178,16197,55.42,50,"GTCCATTAGCACACAATGGAAA",22,16477,16498,57.22,40.91,1.8,321,17,0.109,0.118
"CAAGGTATTGGGAACCTGAG",20,16178,16197,55.42,50,"TGTCCATTAGCACACAATGG",20,16480,16499,56.02,45,0.6,322,17,0.109,0.131
"GTGATGTCACAGATGTGACTC",21,16400,16420,56.38,47.62,"CTGCTGCAAAAAGCTTGAGTC",21,16622,16642,58.61,47.62,2.23,243,6,0.528,0.152
"GTGATGTCACAGATGTGACTC",21,16400,16420,56.38,47.62,"GTTTCTGCTGCAAAAAGCTTGA",22,16625,16646,58.81,40.91,2.43,247,6,0.528,0.207
"GCCACAAGAGCACTATGTTA",20,16959,16978,55.47,45,"CTCTTACCAGTACCAGGTGGTC",22,17081,17102,59.5,54.55,4.03,144,8,0.352,0.052
"GCCACAAGAGCACTATGTTA",20,16959,16978,55.47,45,"ACTCTTACCAGTACCAGGTG",20,17084,17103,55.89,50,0.42,145,8,0.352,0.146
"ACCTGCACGTGCTCGTGTA",19,17238,17256,61.85,57.89,"AGTGTGCCCTTAGTTAGCAATG",22,17465,17486,58.65,45.45,3.2,249,11,0.363,0.124
"ACCTGCACGTGCTCGTGTA",19,17238,17256,61.85,57.89,"CTAGTGTGCCCTTAGTTAGCAA",22,17467,17488,57.8,45.45,4.05,251,11,0.363,0.118
"ACCTGCACGTGCTCGTGTA",19,17238,17256,61.85,57.89,"TTCTAGTGTGCCCTTAGTTAGC",22,17469,17490,57.53,45.45,4.32,253,11,0.363,0.264
"GTACTGTAAATGCATTGCCTGA",22,17309,17330,57.04,40.91,"AGGAACATGTCTGGACCTATAG",22,17528,17549,56.43,45.45,0.61,241,9,0.338,0.399
"GTACTGTAAATGCATTGCCTGA",22,17309,17330,57.04,40.91,"AGGACAACGCCGACAAGTTC",20,17552,17571,60.88,55,3.84,263,11,0.338,0.186
"CAAGCTGAAAATGTAACAGGAC",22,18037,18058,55.91,40.91,"AACAGCTTCTCTAGTAGCATG",21,18322,18342,55.14,42.86,0.77,306,13,0.458,0.197
"CAAGCTGAAAATGTAACAGGAC",22,18037,18058,55.91,40.91,"ACCAACAGCTTCTCTAGTAGCA",22,18324,18345,58.83,45.45,2.92,309,13,0.458,0.474
"CAAGCTGAAAATGTAACAGGAC",22,18037,18058,55.91,40.91,"GTACCAACAGCTTCTCTAGTAG",22,18326,18347,55.42,45.45,0.49,311,13,0.458,0.493
"TGGGTTACATCCTACACAGG",20,18087,18106,56.24,50,"GGTGTATCAACATAACCTGTAGGTA",25,18398,18422,57.88,40,1.64,336,14,0.291,0.64
"TGGGTTACATCCTACACAGG",20,18087,18106,56.24,50,"AGGTGTATCAACATAACCTGTAGG",24,18400,18423,57.76,41.67,1.52,337,14,0.291,0.693
"GGACACTTTGATGGACAACA",20,19657,19676,55.88,45,"ACAGTGAGTGGTGCACAAA",19,19964,19982,57.43,47.37,1.55,326,12,0.861,0.688
"ATTTGTGCACCACTCACTG",19,19963,19981,56.04,47.37,"CTTGTTTGGGACCTACAGATGG",22,20077,20098,58.65,50,2.61,136,3,0.729,0.708
"ATTTGTGCACCACTCACTG",19,19963,19981,56.04,47.37,"AGCTTGTTTGGGACCTACAGATG",23,20078,20100,60.56,47.83,4.52,138,3,0.729,0.961
"GAACCATTGGTAGATTTGCCAA",22,22232,22253,57.2,40.91,"TCCAAGCATAAACAGATGCA",20,22603,22622,55.33,40,1.87,391,31,1.225,1.095
"TGCATCTGTTTATGCTTGGA",20,22603,22622,55.33,40,"CAGCCTGTAAAATCATCTGGTA",22,22836,22857,55.88,40.91,0.55,255,14,0.854,0.585
"CAACAATTTGGCAGAGACATTG",22,23249,23270,56.76,40.91,"AGGGACTTCTGTGCAGTTAACA",22,23404,23425,59.56,45.45,2.8,177,8,1.266,0.405
"CAACAATTTGGCAGAGACATTG",22,23249,23270,56.76,40.91,"ACCTGTAGAATAAACACGCCAAGTA",25,23455,23479,60.28,40,3.52,231,9,1.266,0.818
"CAACAATTTGGCAGAGACATTG",22,23249,23270,56.76,40.91,"AACCTGTAGAATAAACACGCCAAG",24,23457,23480,59.55,41.67,2.79,232,9,1.266,0.326
"TGTCCGTGATCCACAGACACTTG",23,23287,23309,62.66,52.17,"CCCCTATTAAACAGCCTGCACGTG",24,23496,23519,63.99,54.17,1.33,233,7,0.971,1.048
"TGTTAACTGCACAGAAGTCC",20,23404,23423,55.62,45,"AACTAGCGCATATACCTGCAC",21,23562,23582,58.24,47.62,2.62,179,7,0.711,0.584
"TGTTAACTGCACAGAAGTCC",20,23404,23423,55.62,45,"TGATAACTAGCGCATATACCTG",22,23565,23586,55.34,40.91,0.28,183,7,0.711,0.865
"AGTGACACTTGCAGATGCTG",20,24037,24056,58.48,50,"AACAGTGCAGAAGTGTATTGAGCAA",25,24171,24195,61.43,40,2.95,159,7,0.265,0.381
"TCTGGTTGGACCTTTGGTGCA",21,24212,24232,62.15,52.38,"GGAGCTAAGTTGTTTAACAAGCG",23,24444,24466,58.54,43.48,3.61,255,12,0.444,0.33
"GCAAGTGCACTTGGAAAACTTC",22,24386,24407,59.14,45.45,"AGCAGCAAGATTAGCAGAAG",20,24621,24640,55.83,45,3.31,255,8,0.958,0.037
"GCAAGTGCACTTGGAAAACTTC",22,24386,24407,59.14,45.45,"ACCATGAGGTGCTGACTGAGG",21,24719,24739,61.79,57.14,2.65,354,9,0.958,0.315
"GCAAGTGCACTTGGAAAACTTC",22,24386,24407,59.14,45.45,"ACACCATGAGGTGCTGACTGAG",22,24720,24741,62.25,54.55,3.11,356,9,0.958,0.464
"GCAAGTGCACTTGGAAAACTTC",22,24386,24407,59.14,45.45,"ACTACACCATGAGGTGCTGA",20,24725,24744,58.36,50,0.78,359,9,0.958,0.628
"CGCTTGTTAAACAACTTAGCTCCA",24,24444,24467,60.02,41.67,"AGGGACATAAGTCACATGCAA",21,24749,24769,57.28,42.86,2.74,326,7,0.145,0.692
"CGCTTGTTAAACAACTTAGCTCCA",24,24444,24467,60.02,41.67,"CAGGGACATAAGTCACATGC",20,24751,24770,56.21,50,3.81,327,7,0.145,0.649
"CGCTTGTTAAACAACTTAGCTCCA",24,24444,24467,60.02,41.67,"GCAGGGACATAAGTCACATG",20,24752,24771,56.21,50,3.81,328,7,0.145,0.302
"CGCTTGTTAAACAACTTAGCTCCA",24,24444,24467,60.02,41.67,"GTGCAGGGACATAAGTCACA",20,24754,24773,57.53,50,2.49,330,7,0.145,0.637
"CGCTTGTTAAACAACTTAGCTCCA",24,24444,24467,60.02,41.67,"TGTGCAGGGACATAAGTCA",19,24756,24774,55.94,47.37,4.08,331,7,0.145,0.815
"TGTGACTTATGTCCCTGCA",19,24754,24772,55.94,47.37,"ATTCAGGTTGCAAAGGATCA",20,24976,24995,55.21,40,0.73,242,15,1.125,0.252
"TGTGACTTATGTCCCTGCA",19,24754,24772,55.94,47.37,"CTAATTCAGGTTGCAAAGGATC",22,24977,24998,55.42,40.91,0.52,245,15,1.125,0.258
"TTGCATGTGACTTATGTCCCTGCA",24,24749,24772,62.86,45.83,"GAAGCATTAATGCCAGAGATGTCA",24,25063,25086,59.42,41.67,3.44,338,22,1.145,0.491
"GCATGTGACTTATGTCCCTGCA",22,24751,24772,60.94,50,"TGAAGCATTAATGCCAGAGATG",22,25066,25087,56.82,40.91,4.12,337,22,1.144,0.524
"AAAAGCACACTTTCCTCGTG",20,24817,24836,56.86,45,"AACCTCATTGAGGCGGTCAA",20,25110,25129,59.6,50,2.74,313,18,0.332,0.058
"AGTTGCTGTAGTTGTCTCAAG",21,25277,25297,55.85,42.86,"CCAGCAAAGAAAATAGTTGGCA",22,25818,25839,57.74,40.91,1.89,563,85,0.338,0.227
"AGTTGCTGTAGTTGTCTCAAG",21,25277,25297,55.85,42.86,"GCCAGCAAAGAAAATAGTTGG",21,25820,25840,56.02,42.86,0.17,564,85,0.338,0.225
"AGCTGTACTCAACTCAATTGAG",22,26030,26051,56.12,40.91,"ACCGTCGATTGTGTGAATTTGGA",23,26123,26145,61.05,43.48,4.93,116,10,1.214,0.438
"AGCTGTACTCAACTCAATTGAG",22,26030,26051,56.12,40.91,"AACCGTCGATTGTGTGAATTTGG",23,26124,26146,60.3,43.48,4.18,117,10,1.214,0.451
"AGCTGTACTCAACTCAATTGAG",22,26030,26051,56.12,40.91,"GAACCGTCGATTGTGTGAA",19,26129,26147,55.9,47.37,0.22,118,10,1.214,0.395
"AGCTGTACTCAACTCAATTGAG",22,26030,26051,56.12,40.91,"TGAACCGTCGATTGTGTG",18,26131,26148,55.34,50,0.78,119,10,1.214,0.145
"GTGGTATTCTTGCTAGTTACACTAG",25,26314,26338,57.01,40,"CAAGGAGCTTTTTAAGCTCTTC",22,26553,26574,55.64,40.91,1.37,261,11,0.054,0.504
"TTCCAACGGTACTATTACCGTTGAA",25,26531,26555,60.28,40,"AGCAGCAAGCACAAAACAAG",20,26710,26729,58.07,45,2.21,199,10,0.593,0.378
"GTACGCGTTCCATGTGGTC",19,26836,26854,58.92,57.89,"CGAAGATGTCCACGAAGGA",19,26953,26971,56.89,52.63,2.03,136,12,0.23,0.594
"TTTGCGCGTACGCGTTCCA",19,26829,26847,63.74,57.89,"ACAGCGTCCTAGATGGTGTCCAG",23,26977,26999,63.87,56.52,0.13,171,13,0.855,0.248
"TTTGCGCGTACGCGTTCCA",19,26829,26847,63.74,57.89,"TCACAGCGTCCTAGATGGTG",20,26982,27001,59.18,55,4.56,173,13,0.855,0.847
"TTTGCGCGTACGCGTTCCA",19,26829,26847,63.74,57.89,"ATGCAGCAAAACCTGAGTCACC",22,27087,27108,61.65,50,2.09,280,20,0.855,0.759
"TTTGCGCGTACGCGTTCCA",19,26829,26847,63.74,57.89,"GTATGCAGCAAAACCTGAGTCA",22,27089,27110,59.19,45.45,4.55,282,20,0.855,0.324
"TTTGCGCGTACGCGTTCCA",19,26829,26847,63.74,57.89,"TGTATGCAGCAAAACCTGAGTC",22,27090,27111,59.19,45.45,4.55,283,20,0.855,0.318
"GTACGCGTTCCATGTGGTC",19,26836,26854,58.92,57.89,"TTGCCAATCCTGTAGCGA",18,27113,27130,56.22,50,2.7,295,21,0.23,0.553
"GACCATTCCAGTAGCAGTG",19,27147,27165,55.31,52.63,"CGAGTGTTATCAGTGCCAAGA",21,27410,27430,58.04,47.62,2.73,284,20,0.895,0.559
"GACCATTCCAGTAGCAGTG",19,27147,27165,55.31,52.63,"AGCGAGTGTTATCAGTGCCAA",21,27412,27432,60,47.62,4.69,286,20,0.895,0.893
"TTGGCACTGATAACACTCGCTA",22,27412,27433,59.77,45.45,"TCAGGACAAGCAAAAGCAAA",20,27580,27599,56.36,40,3.41,188,25,1.213,0.098
"CACTCAACATGGCAAGGAA",19,28441,28459,55.71,47.37,"AATACCATCTTGGACTGAGATC",22,28580,28601,55.05,40.91,0.66,161,8,0.36,0.538
"CACTCAACATGGCAAGGAA",19,28441,28459,55.71,47.37,"CTGGCCCAGTTCCTAGGTA",19,28607,28625,57.68,57.89,1.97,185,10,0.36,0.091
"CACTCAACATGGCAAGGAA",19,28441,28459,55.71,47.37,"TTCTGGCCCAGTTCCTAGG",19,28609,28627,58.3,57.89,2.59,187,10,0.36,0.097
"CACTCAACATGGCAAGGAA",19,28441,28459,55.71,47.37,"AGCACCATAGGGAAGTCCAG",20,28629,28648,58.79,55,3.08,208,11,0.36,0.777
"GGACTTCCCTATGGTGCTA",19,28631,28649,55.46,52.63,"AGCAGCAGATTTCTTAGTGACAG",23,29007,29029,58.75,43.48,3.29,399,50,0.426,0.048
"GGACTTCCCTATGGTGCTA",19,28631,28649,55.46,52.63,"CAGCAGCAGATTTCTTAGTGA",21,29010,29030,55.99,42.86,0.53,400,50,0.426,0.043
"GGACTTCCCTATGGTGCTA",19,28631,28649,55.46,52.63,"TCAGCAGCAGATTTCTTAGTG",21,29011,29031,55.99,42.86,0.53,401,50,0.426,0.043
"GGACTTCCCTATGGTGCTA",19,28631,28649,55.46,52.63,"ATGCTTTAGTGGCAGTACG",19,29057,29075,55.32,47.37,0.14,445,52,0.426,0.345
"GGCATCATATGGGTTGCA",18,28658,28675,55.01,50,"TGTTCTGGACCACGTCTGC",19,29097,29115,59.93,57.89,4.92,458,54,0.327,0.487
"GGCATCATATGGGTTGCA",18,28658,28675,55.01,50,"GTTTGTTCTGGACCACGTCTG",21,29098,29118,59.4,52.38,4.39,461,54,0.327,0.485
"GCTACAACTTCCTCAAGGAACAA",23,28747,28769,58.87,43.48,"TGGTCCCCAAAATTTCCTTG",20,29120,29139,56.09,45,2.78,393,42,0.039,0.117
"CAGACGTGGTCCAGAACA",18,29098,29115,56.51,55.56,"CATGGATTGTTGCAATTGTTTGGAG",25,29482,29506,60.11,40,3.6,409,43,0.168,0.251
"GTCTTATCAGAGGCACGTC",19,377,395,55.16,52.63,"TCTTCATAAGGATCAGTGCCA",21,712,732,56.43,42.86,1.27,356,22,0.567,0.307
"TCTTATCAGAGGCACGTCA",19,378,396,55.46,47.37,"TCTTCATAAGGATCAGTGCCA",21,712,732,56.43,42.86,0.97,355,22,0.567,0.307
"CTTATCAGAGGCACGTCAAC",20,379,398,56.27,50,"TCTTCATAAGGATCAGTGCCA",21,712,732,56.43,42.86,0.16,354,22,0.486,0.307
"TTATCAGAGGCACGTCAACA",20,380,399,56.88,45,"TCTTCATAAGGATCAGTGCCA",21,712,732,56.43,42.86,0.45,353,22,0.475,0.307
"TCAGAGGCACGTCAACATC",19,383,401,57.49,52.63,"TCTTCATAAGGATCAGTGCCA",21,712,732,56.43,42.86,1.06,350,22,0.186,0.307
"TTGCCTCAACTTGAACAGC",19,446,464,56.35,47.37,"GTGTATGCCCCTCCGTTA",18,796,813,55.98,55.56,0.37,368,24,0.23,0.827
"GCCTCAACTTGAACAGCCCTA",21,448,468,60.27,52.38,"GTGTATGCCCCTCCGTTA",18,796,813,55.98,55.56,4.29,366,24,0.167,0.827
"CTCAACTTGAACAGCCCTATG",21,450,470,56.61,47.62,"GTGTATGCCCCTCCGTTA",18,796,813,55.98,55.56,0.63,364,24,0.169,0.827
"GTAGCAGAACTCGAAGGC",18,530,547,55.2,55.56,"GTGTATGCCCCTCCGTTA",18,796,813,55.98,55.56,0.78,284,15,0.63,0.827
"TAGCAGAACTCGAAGGCA",18,531,548,55.51,50,"GTGTATGCCCCTCCGTTA",18,796,813,55.98,55.56,0.47,283,15,0.686,0.827
"AGCAGAACTCGAAGGCATTC",20,532,551,58.27,50,"GTGTATGCCCCTCCGTTA",18,796,813,55.98,55.56,2.29,282,15,0.357,0.827
"CAGAACTCGAAGGCATTCA",19,534,552,55.24,47.37,"GTGTATGCCCCTCCGTTA",18,796,813,55.98,55.56,0.74,280,15,0.314,0.827
"AGAACTCGAAGGCATTCAGTA",21,535,555,56.76,42.86,"GTGTATGCCCCTCCGTTA",18,796,813,55.98,55.56,0.78,279,15,0.315,0.827
"GGTCGTAGTGGTGAGACA",18,557,574,55.56,55.56,"CAAAGTGCATGAAGCTTTACCA",22,889,910,57.76,40.91,2.2,354,21,0.971,0.905
"GTCGTAGTGGTGAGACACTTG",21,558,578,58.34,52.38,"CAAAGTGCATGAAGCTTTACCA",22,889,910,57.76,40.91,0.58,353,21,0.725,0.905
"GTAGTGGTGAGACACTTGGTG",21,561,581,58.24,52.38,"CAAAGTGCATGAAGCTTTACCA",22,889,910,57.76,40.91,0.48,350,21,0.907,0.905
"GGTAATAAAGGAGCTGGTGGCCATA",25,644,668,62.45,48,"CAAAGTGCATGAAGCTTTACCA",22,889,910,57.76,40.91,4.69,267,14,0.177,0.905
"GTGCTGGTAAAGCTTCATGC",20,885,904,57.73,50,"CCATCAAGCTTTTTCTTTTCAACCC",25,1125,1149,59.76,40,2.03,265,9,1.109,0.493
"GCTGGTAAAGCTTCATGCA",19,887,905,56.2,47.37,"CCATCAAGCTTTTTCTTTTCAACCC",25,1125,1149,59.76,40,3.56,263,9,0.824,0.493
"CTGGTAAAGCTTCATGCACTTTG",23,888,910,58.77,43.48,"CCATCAAGCTTTTTCTTTTCAACCC",25,1125,1149,59.76,40,0.99,262,9,1.097,0.493
"TAAGAGGGGTGTATACTGCTG",21,937,957,56.25,47.62,"CCATCAAGCTTTTTCTTTTCAACCC",25,1125,1149,59.76,40,3.51,213,5,0.206,0.493
"ATAACAAGTGTGCCTATTGGG",21,1515,1535,55.92,42.86,"TGTGGAAGCAGAAAAAGATGCC",22,1696,1717,59.7,45.45,3.78,203,7,0.435,0.239
"ACAAGTGTGCCTATTGGGTTC",21,1518,1538,58.49,47.62,"TGTGGAAGCAGAAAAAGATGCC",22,1696,1717,59.7,45.45,1.21,200,7,0.157,0.239
"AGTGTGCCTATTGGGTTCC",19,1521,1539,57.02,52.63,"TGTGGAAGCAGAAAAAGATGCC",22,1696,1717,59.7,45.45,2.68,197,7,0.171,0.239
"GAAGGTCTTAATGACAACCTTCTTG",25,1595,1619,58.1,40,"TGTGGAAGCAGAAAAAGATGCC",22,1696,1717,59.7,45.45,1.6,123,4,0.711,0.239
"GGGCTTATGTTGCTCGAA",18,2624,2641,55.02,50,"GCATCTGCCACAACACAG",18,2881,2898,56.73,55.56,1.71,275,14,0.935,0.554
"TACTGTGCCCTTGCACCTA",19,2660,2678,58.23,52.63,"GCATCTGCCACAACACAG",18,2881,2898,56.73,55.56,1.5,239,12,1.051,0.554
"CTGTGCCCTTGCACCTAA",18,2662,2679,57.18,55.56,"GCATCTGCCACAACACAG",18,2881,2898,56.73,55.56,0.45,237,12,1.155,0.554
"TGTGCCCTTGCACCTAATA",19,2663,2681,56.31,47.37,"GCATCTGCCACAACACAG",18,2881,2898,56.73,55.56,0.42,236,12,1.515,0.554
"GTGCCCTTGCACCTAATATG",20,2664,2683,56.55,50,"GCATCTGCCACAACACAG",18,2881,2898,56.73,55.56,0.18,235,12,1.423,0.554
"TGCCCTTGCACCTAATATGA",20,2665,2684,56.58,45,"GCATCTGCCACAACACAG",18,2881,2898,56.73,55.56,0.15,234,12,1.483,0.554
"AAAGGCGGTGCACCAACA",18,2711,2728,60.44,55.56,"GCATCTGCCACAACACAG",18,2881,2898,56.73,55.56,3.71,188,7,0.746,0.554
"AAGGCGGTGCACCAACAA",18,2712,2729,60.44,55.56,"GCATCTGCCACAACACAG",18,2881,2898,56.73,55.56,3.71,187,7,0.746,0.554
"AGGCGGTGCACCAACAAA",18,2713,2730,60.44,55.56,"GCATCTGCCACAACACAG",18,2881,2898,56.73,55.56,3.71,186,7,0.695,0.554
"CGGTGCACCAACAAAGGTTA",20,2716,2735,58.97,50,"GCATCTGCCACAACACAG",18,2881,2898,56.73,55.56,2.24,183,7,0.89,0.554
"ACTGTGATAGAAGTGCAAGG",20,2750,2769,55.08,45,"GCATCTGCCACAACACAG",18,2881,2898,56.73,55.56,1.65,149,5,0.279,0.554
"CTGTGATAGAAGTGCAAGGTTA",22,2751,2772,55.84,40.91,"GCATCTGCCACAACACAG",18,2881,2898,56.73,55.56,0.89,148,5,0.326,0.554
"TGTGATAGAAGTGCAAGGTTAC",22,2752,2773,56.11,40.91,"GCATCTGCCACAACACAG",18,2881,2898,56.73,55.56,0.62,147,5,0.376,0.554
"GTGATAGAAGTGCAAGGTTACA",22,2753,2774,56.11,40.91,"GCATCTGCCACAACACAG",18,2881,2898,56.73,55.56,0.62,146,5,0.373,0.554
"TATACAGTTGAACTCGGTACAG",22,2843,2864,55.08,40.91,"CACCTTCTTCTTCATCCTCATC",22,3047,3068,56.24,45.45,1.16,226,10,0.494,0.445
"TACAGTTGAACTCGGTACAGA",21,2845,2865,56.08,42.86,"CACCTTCTTCTTCATCCTCATC",22,3047,3068,56.24,45.45,0.16,224,10,0.51,0.445
"CAGTTGAACTCGGTACAGAA",20,2847,2866,55.07,45,"CACCTTCTTCTTCATCCTCATC",22,3047,3068,56.24,45.45,1.17,222,10,0.532,0.445
"TGTGAAGAAGAAGAGTTTGAGC",22,3071,3092,56.59,40.91,"TCTGAACAACTGGTGTAAGTTCCATC",26,3304,3329,61.18,42.31,4.59,259,11,1.215,2.031
"TTGTGAAGAAGAAGAGTTTGAGCCA",25,3070,3094,60.86,40,"TCTGAACAACTGGTGTAAGTTCCATC",26,3304,3329,61.18,42.31,0.32,260,11,1.41,2.031
"CTTTGGAATTTGGTGCCACTTC",22,3141,3162,58.61,45.45,"TCTGAACAACTGGTGTAAGTTCCATC",26,3304,3329,61.18,42.31,2.57,189,9,1.157,2.031
"TGGAATTTGGTGCCACTTCTG",21,3144,3164,59.04,47.62,"TCTGAACAACTGGTGTAAGTTCCATC",26,3304,3329,61.18,42.31,2.14,186,9,0.875,2.031
"GAATTTGGTGCCACTTCTGC",20,3146,3165,57.93,50,"TCTGAACAACTGGTGTAAGTTCCATC",26,3304,3329,61.18,42.31,3.25,184,9,0.945,2.031
"TGAAGAAGAGCAAGAAGAAGATTGG",25,3178,3202,59.3,40,"CTTCTTCCACAATGTCTGCA",20,3391,3410,55.97,45,3.33,233,9,0.504,0.958
"GTGGCACTACTGAAATGCTA",20,4185,4204,55.47,45,"GCATTTCTCGCAAATTCCAA",20,4381,4400,55.53,40,0.06,216,10,0.469,0.413
"TGGCACTACTGAAATGCTAG",20,4186,4205,55.17,45,"GCATTTCTCGCAAATTCCAA",20,4381,4400,55.53,40,0.36,215,10,0.667,0.413
"GAAAGCTTTGAGAAAAGTGCCA",22,4207,4228,57.95,40.91,"GCATTTCTCGCAAATTCCAA",20,4381,4400,55.53,40,2.42,194,9,0.31,0.413
"GCTTTGAGAAAAGTGCCAAC",20,4211,4230,56.05,45,"GCATTTCTCGCAAATTCCAA",20,4381,4400,55.53,40,0.52,190,9,0.8,0.413
"CTTTGAGAAAAGTGCCAACAG",21,4212,4232,55.91,42.86,"GCATTTCTCGCAAATTCCAA",20,4381,4400,55.53,40,0.38,189,9,1.159,0.413
"TGTTATCTTGCCACTGCATTG",21,5285,5305,57.15,42.86,"CACCTACTGTCTTATTACAGTAGG",24,5412,5435,55.81,41.67,1.34,151,6,1.345,0.57
"ATCTTGCCACTGCATTGTTA",20,5289,5308,55.62,40,"CACCTACTGTCTTATTACAGTAGG",24,5412,5435,55.81,41.67,0.19,147,6,0.828,0.57
"TCTTGCCACTGCATTGTTAA",20,5290,5309,55.85,40,"CACCTACTGTCTTATTACAGTAGG",24,5412,5435,55.81,41.67,0.04,146,6,1.162,0.57
"CACCTGCTCTACAAGATGC",19,5340,5358,55.71,52.63,"CCCATGTACATAACAGCTTCTA",22,5559,5580,55.34,40.91,0.37,241,11,0.533,0.188
"ACCTGCTCTACAAGATGCTTA",21,5341,5361,56.45,42.86,"CCCATGTACATAACAGCTTCTA",22,5559,5580,55.34,40.91,1.11,240,11,0.397,0.188
"AGAGCAAGGGCTGGTGAA",18,5366,5383,58.42,55.56,"CCCATGTACATAACAGCTTCTA",22,5559,5580,55.34,40.91,3.08,215,10,0.609,0.188
"TCAGAATACAAAGGTCCTATTACGG",25,5834,5858,58.19,40,"TGGTTGGTTTGGTACAAGATCA",22,6001,6022,57.83,40.91,0.36,189,8,0.903,0.68
"ATGTCACTATTGCAACCTACTG",22,7089,7110,56.17,40.91,"GGGGCCATTTGTACAAGATTA",21,7372,7392,55.9,42.86,0.27,304,10,0.758,0.924
"GTCACTATTGCAACCTACTGTA",22,7091,7112,55.58,40.91,"GGGGCCATTTGTACAAGATTA",21,7372,7392,55.9,42.86,0.32,302,10,0.85,0.924
"CATAACAAGAGAAGTGGGTTTTGTC",25,8836,8860,58.56,40,"TGGCTTACCAGAAGCATCTTTA",22,9031,9052,57.43,40.91,1.13,217,9,1.189,0.647
"ATAACAAGAGAAGTGGGTTTTGTCG",25,8837,8861,59.76,40,"TGGCTTACCAGAAGCATCTTTA",22,9031,9052,57.43,40.91,2.33,216,9,1.185,0.647
"TTACGCACAACTAATGGTGA",20,8885,8904,55.02,40,"TGGCTTACCAGAAGCATCTTTA",22,9031,9052,57.43,40.91,2.41,168,8,0.349,0.647
"ATTACGCACAACTAATGGTGAC",22,8884,8905,57.06,40.91,"TGGCTTACCAGAAGCATCTTTA",22,9031,9052,57.43,40.91,0.37,169,8,0.365,0.647
"CCTAGAGTTTTTAGTGCAGTTG",22,8921,8942,55.06,40.91,"ACGTGTGTCAGGGCGTAAA",19,9106,9124,59.56,52.63,4.5,204,10,0.535,1.249
"TACCTAGAGTTTTTAGTGCAGTTGG",25,8919,8943,58.77,40,"ACGTGTGTCAGGGCGTAAA",19,9106,9124,59.56,52.63,0.79,206,10,0.191,1.249
"AACATCAGCTTGTGTTTTGGC",21,8992,9012,58.17,42.86,"ACGTGTGTCAGGGCGTAAA",19,9106,9124,59.56,52.63,1.39,133,3,0.674,1.249
"ATCAGCTTGTGTTTTGGCTGCTG",23,8995,9017,62.66,47.83,"ACGTGTGTCAGGGCGTAAA",19,9106,9124,59.56,52.63,3.1,130,3,0.262,1.249
"GGCACTTGTGAAAGATCAGA",20,9224,9243,55.67,45,"CAATACCACCAGCTACTATAGATG",24,9399,9422,56.23,41.67,0.56,199,4,0.191,0.763
"GCACTTGTGAAAGATCAGAAG",21,9225,9245,55.17,42.86,"CAATACCACCAGCTACTATAGATG",24,9399,9422,56.23,41.67,1.06,198,4,0.194,0.763
"TGGTGTTTGTGTATCTACTAGTGG",24,9247,9270,57.97,41.67,"CAATACCACCAGCTACTATAGATG",24,9399,9422,56.23,41.67,1.74,176,3,0.229,0.763
"AGAGACGTGTAGTCTTTAATGG",22,9750,9771,55.33,40.91,"GATGACAACAAGCAGCTTCTC",21,9945,9965,57.53,47.62,2.2,216,11,0.356,0.632
"GAGACGTGTAGTCTTTAATGGTG",23,9751,9773,56.99,43.48,"GATGACAACAAGCAGCTTCTC",21,9945,9965,57.53,47.62,0.54,215,11,0.645,0.632
"AGAGAAGCTGCTTGTTGTC",19,9944,9962,55.45,47.37,"TCAGAGGTGCAGATCACA",18,10177,10194,55.05,50,0.4,251,13,0.866,0.619
"GAGAAGCTGCTTGTTGTCA",19,9945,9963,55.77,47.37,"TCAGAGGTGCAGATCACA",18,10177,10194,55.05,50,0.72,250,13,0.511,0.619
"AGAAGCTGCTTGTTGTCATC",20,9946,9965,56.35,45,"TCAGAGGTGCAGATCACA",18,10177,10194,55.05,50,1.3,249,13,1.154,0.619
"ATGACTTCAGTAACTCAGGTTC",22,9981,10002,55.5,40.91,"TCAGAGGTGCAGATCACA",18,10177,10194,55.05,50,0.45,214,11,0.41,0.619
"AATGACTTCAGTAACTCAGGTTCTG",25,9980,10004,58.77,40,"TCAGAGGTGCAGATCACA",18,10177,10194,55.05,50,3.72,215,11,0.399,0.619
"ACTTCAGTAACTCAGGTTCTGA",22,9984,10005,56.43,40.91,"TCAGAGGTGCAGATCACA",18,10177,10194,55.05,50,1.38,211,11,0.418,0.619
"GTTTACTGTCCAAGACATGTGA",22,10160,10181,56.31,40.91,"AACATTACCAGCCTGTACCAA",21,10253,10273,57.2,42.86,0.89,114,4,0.43,0.862
"GTACAGGCTGGTAATGTTCA",20,10256,10275,55.08,45,"AAACCAACACTACCACATGAAC",22,10482,10503,57.09,40.91,2.01,248,12,0.358,0.266
"AGGGTTATTGGACATTCTATGC",22,10280,10301,55.91,40.91,"AAACCAACACTACCACATGAAC",22,10482,10503,57.09,40.91,1.18,224,10,0.289,0.266
"GGGTTATTGGACATTCTATGCA",22,10281,10302,56.19,40.91,"AAACCAACACTACCACATGAAC",22,10482,10503,57.09,40.91,0.9,223,10,0.176,0.266
"GGTTGATACAGCCAATCCTAA",21,10324,10344,55.36,42.86,"CTGTGCCAGCATGAACTC",18,10563,10580,56.1,55.56,0.74,257,11,0.304,0.53
"GTTGATACAGCCAATCCTAAGA",22,10325,10346,55.61,40.91,"CTGTGCCAGCATGAACTC",18,10563,10580,56.1,55.56,0.49,256,11,0.233,0.53
"TTGATACAGCCAATCCTAAGAC",22,10326,10347,55.61,40.91,"CTGTGCCAGCATGAACTC",18,10563,10580,56.1,55.56,0.49,255,11,0.233,0.53
"TGATACAGCCAATCCTAAGACA",22,10327,10348,56.62,40.91,"CTGTGCCAGCATGAACTC",18,10563,10580,56.1,55.56,0.52,254,11,0.238,0.53
"GATACAGCCAATCCTAAGACAC",22,10328,10349,56.32,45.45,"CTGTGCCAGCATGAACTC",18,10563,10580,56.1,55.56,0.22,253,11,0.233,0.53
"TAGCTTGTTACAATGGTTCACC",22,10398,10419,56.63,40.91,"AGCTGCTTGTGCTGTTTGC",19,10618,10636,59.93,52.63,3.3,239,11,0.091,0.654
"CTTGTTACAATGGTTCACCATC",22,10401,10422,55.63,40.91,"AGCTGCTTGTGCTGTTTGC",19,10618,10636,59.93,52.63,4.3,236,11,0.1,0.654
"CAAAATGGTATGAATGGACGTACC",24,10871,10894,58.18,41.67,"ATCAACCATATCCAACCATGTC",22,11257,11278,56.18,40.91,2,408,14,0.422,0.312
"ATGGTATGAATGGACGTACCA",21,10875,10895,56.51,42.86,"ATCAACCATATCCAACCATGTC",22,11257,11278,56.18,40.91,0.33,404,14,0.386,0.312
"TTGCTATGTCTGCTTTTGCA",20,11121,11140,56.24,40,"CAGTTCTTGCTGTCATAAGGA",21,11343,11363,55.62,42.86,0.62,243,10,0.994,0.76
"GCTATGTCTGCTTTTGCAATG",21,11123,11143,56.47,42.86,"CAGTTCTTGCTGTCATAAGGA",21,11343,11363,55.62,42.86,0.85,241,10,0.607,0.76
"TTATGCATCAGCATTGTGGGA",21,12535,12555,57.98,42.86,"ACCTTTAGGTGTGTCTGTAAC",21,12911,12931,55.18,42.86,2.8,397,17,0.26,0.126
"GCATCAGCATTGTGGGAA",18,12539,12556,55.61,50,"ACCTTTAGGTGTGTCTGTAAC",21,12911,12931,55.18,42.86,0.43,393,17,0.265,0.126
"CATCAGCATTGTGGGAAATC",20,12540,12559,55,45,"ACCTTTAGGTGTGTCTGTAAC",21,12911,12931,55.18,42.86,0.18,392,17,0.276,0.126
"ATCAGCATTGTGGGAAATCC",20,12541,12560,56.05,45,"ACCTTTAGGTGTGTCTGTAAC",21,12911,12931,55.18,42.86,0.87,391,17,0.276,0.126
"AGCTTTAAGGGCCAATTCTG",20,12652,12671,55.98,45,"TGGCAGCTAAACTACCAAGTA",21,12990,13010,56.66,42.86,0.68,359,20,0.711,0.678
"GCTTTAAGGGCCAATTCTGC",20,12653,12672,57.7,50,"TGGCAGCTAAACTACCAAGTA",21,12990,13010,56.66,42.86,1.04,358,20,0.526,0.678
"CTTTAAGGGCCAATTCTGCTG",21,12654,12674,57.48,47.62,"TGGCAGCTAAACTACCAAGTA",21,12990,13010,56.66,42.86,0.82,357,20,0.519,0.678
"TAAGGGCCAATTCTGCTGTC",20,12657,12676,57.87,50,"TGGCAGCTAAACTACCAAGTA",21,12990,13010,56.66,42.86,1.21,354,20,0.197,0.678
"ATGTCTTGTGCTGCCGGTA",19,12719,12737,59.32,52.63,"TGGCAGCTAAACTACCAAGTA",21,12990,13010,56.66,42.86,2.66,292,19,0.469,0.678
"GTCTTGTGCTGCCGGTACTA",20,12721,12740,59.75,55,"TGGCAGCTAAACTACCAAGTA",21,12990,13010,56.66,42.86,3.09,290,19,0.323,0.678
"TTGCACTGTTATCCGATTTACAGG",24,12810,12833,59.37,41.67,"TGGCAGCTAAACTACCAAGTA",21,12990,13010,56.66,42.86,2.71,201,6,1.027,0.678
"CACTGTTATCCGATTTACAGGA",22,12813,12834,55.65,40.91,"TGGCAGCTAAACTACCAAGTA",21,12990,13010,56.66,42.86,1.01,198,6,0.734,0.678
"AGGTAGTGGAGTTCCTGTTG",20,14121,14140,56.48,50,"CCAGTTGAAACTACAAATGGAACAC",25,14450,14474,59.02,40,2.54,354,11,0.594,0.206
"GGTAGTGGAGTTCCTGTTGTA",21,14122,14142,56.68,47.62,"CCAGTTGAAACTACAAATGGAACAC",25,14450,14474,59.02,40,2.34,353,11,0.587,0.206
"GTAGTGGAGTTCCTGTTGTAG",21,14123,14143,55.38,47.62,"CCAGTTGAAACTACAAATGGAACAC",25,14450,14474,59.02,40,3.64,352,11,0.587,0.206
"TAGTGGAGTTCCTGTTGTAGA",21,14124,14144,55.37,42.86,"CCAGTTGAAACTACAAATGGAACAC",25,14450,14474,59.02,40,3.65,351,11,0.587,0.206
"GCTTTAACTGCAGAGTCACA",20,14188,14207,56,45,"TTATGTACAACACCTAGCTCTC",22,14486,14507,55.04,40.91,0.96,320,8,0.597,0.499
"CTTTAACTGCAGAGTCACATGTTG",24,14189,14212,58.55,41.67,"TTATGTACAACACCTAGCTCTC",22,14486,14507,55.04,40.91,3.51,319,8,0.978,0.499
"CTGCAGAGTCACATGTTGA",19,14195,14213,55.16,47.37,"TTATGTACAACACCTAGCTCTC",22,14486,14507,55.04,40.91,0.12,313,8,0.889,0.499
"CAAAGCCTTACATTAAGTGGGA",22,14225,14246,56.33,40.91,"TTATGTACAACACCTAGCTCTC",22,14486,14507,55.04,40.91,1.29,283,7,0.274,0.499
"GACTTCACGGAAGAGAGGTTA",21,14260,14280,56.79,47.62,"GAAGCAGCGTGCATAGCA",18,14574,14591,58.51,55.56,1.72,332,8,1.127,0.668
"ATGACTTCACGGAAGAGAGGTTAAA",25,14258,14282,59.99,40,"TACCAGAAGCAGCGTGCATAGCA",23,14574,14596,64.65,52.17,4.66,339,8,1.526,0.68
"TGTTTGGATGACAGATGCATTCTG",24,14341,14364,59.84,41.67,"TACCAGAAGCAGCGTGCATAGCA",23,14574,14596,64.65,52.17,4.81,256,5,0.87,0.68
"GTTTGGATGACAGATGCATTCTGC",24,14342,14365,60.97,45.83,"TACCAGAAGCAGCGTGCATAGCA",23,14574,14596,64.65,52.17,3.68,255,5,0.87,0.68
"TTGGATGACAGATGCATTCTGCA",23,14344,14366,60.87,43.48,"TACCAGAAGCAGCGTGCATAGCA",23,14574,14596,64.65,52.17,3.78,253,5,0.57,0.68
"ACTTGTGTATGCTGCTGAC",19,14553,14571,55.54,47.37,"AGCAGCATTACCATCCTGA",19,14769,14787,56.08,47.37,0.54,235,6,0.485,0.084
"CTTGTGTATGCTGCTGACC",19,14554,14572,56.32,52.63,"AGCAGCATTACCATCCTGA",19,14769,14787,56.08,47.37,0.24,234,6,0.417,0.084
"GTATGCTGCTGACCCTGCTA",20,14559,14578,59.53,55,"AGCAGCATTACCATCCTGA",19,14769,14787,56.08,47.37,3.45,229,6,0.598,0.084
"TACTAGATAAACGCACTACGTG",22,14603,14624,55.55,40.91,"AGCAGCATTACCATCCTGA",19,14769,14787,56.08,47.37,0.53,185,5,0.463,0.084
"AATGGGGTAAGGCTAGACTTTA",22,14963,14984,56.23,40.91,"GGCATGGCTCTATCACATTTA",21,15300,15320,55.8,42.86,0.43,358,11,0.027,0.423
"TCCGCAATTTACAACACAGA",20,15599,15618,55.6,40,"ACCTTGAGATGCATAAGTGC",20,15743,15762,55.81,45,0.21,164,7,0.391,1.193
"CCGCAATTTACAACACAGAC",20,15600,15619,55.6,45,"ACCTTGAGATGCATAAGTGC",20,15743,15762,55.81,45,0.21,163,7,0.391,1.193
"GGCTGTTTTGTAGATGATATCG",22,15961,15982,55.09,40.91,"GCCTGTAAGACTGTATGCG",19,16220,16238,55.83,52.63,0.74,278,7,0.347,0.718
"ACATGATGAGTTAACAGGACAC",22,16113,16134,56.1,40.91,"CACCACATCTTAATGAAGTCTGTG",24,16265,16288,57.83,41.67,1.73,176,4,0.522,0.281
"CATGATGAGTTAACAGGACACA",22,16114,16135,56.1,40.91,"CACCACATCTTAATGAAGTCTGTG",24,16265,16288,57.83,41.67,1.73,175,4,0.52,0.281
"TGATGAGTTAACAGGACACATG",22,16116,16137,56.1,40.91,"CACCACATCTTAATGAAGTCTGTG",24,16265,16288,57.83,41.67,1.73,173,4,0.227,0.281
"TCAAGGTATTGGGAACCTGA",20,16177,16196,55.73,45,"GTCCATTAGCACACAATGGA",20,16479,16498,55.73,45,0,322,17,0.094,0.174
"CAAGGTATTGGGAACCTGAG",20,16178,16197,55.42,50,"GTCCATTAGCACACAATGGA",20,16479,16498,55.73,45,0.31,321,17,0.109,0.174
"GGTATTGGGAACCTGAGTTTTA",22,16181,16202,55.7,40.91,"GTCCATTAGCACACAATGGA",20,16479,16498,55.73,45,0.03,318,17,0.032,0.174
"AGGTTGTGATGTCACAGATG",20,16395,16414,55.37,45,"TCTGCTGCAAAAAGCTTGA",19,16625,16643,55.94,42.11,0.57,249,6,0.451,0.224
"GGTTGTGATGTCACAGATGTG",21,16396,16416,57.18,47.62,"TCTGCTGCAAAAAGCTTGA",19,16625,16643,55.94,42.11,1.24,248,6,0.244,0.224
"GTTGTGATGTCACAGATGTGA",21,16397,16417,56.2,42.86,"TCTGCTGCAAAAAGCTTGA",19,16625,16643,55.94,42.11,0.26,247,6,0.244,0.224
"TTGTGATGTCACAGATGTGAC",21,16398,16418,56.2,42.86,"TCTGCTGCAAAAAGCTTGA",19,16625,16643,55.94,42.11,0.26,246,6,0.154,0.224
"GTGATGTCACAGATGTGACTC",21,16400,16420,56.38,47.62,"TCTGCTGCAAAAAGCTTGA",19,16625,16643,55.94,42.11,0.44,244,6,0.528,0.224
"TAGTGCCACAAGAGCACTA",19,16955,16973,55.66,47.37,"ACTCTTACCAGTACCAGGTG",20,17084,17103,55.89,50,0.23,149,8,0.037,0.146
"GTGCCACAAGAGCACTATG",19,16957,16975,56.32,52.63,"ACTCTTACCAGTACCAGGTG",20,17084,17103,55.89,50,0.43,147,8,0.034,0.146
"TGCCACAAGAGCACTATGTTA",21,16958,16978,57.31,42.86,"ACTCTTACCAGTACCAGGTG",20,17084,17103,55.89,50,1.42,146,8,0.35,0.146
"CCACAAGAGCACTATGTTAGA",21,16960,16980,55.06,42.86,"ACTCTTACCAGTACCAGGTG",20,17084,17103,55.89,50,0.83,144,8,0.348,0.146
"TACCTGCACGTGCTCGTGTA",20,17237,17256,61.52,55,"TCTAGTGTGCCCTTAGTTAGC",21,17469,17489,56.83,47.62,4.69,253,11,0.356,0.268
"CTGCACGTGCTCGTGTAGA",19,17240,17258,60.08,57.89,"CTAGTGTGCCCTTAGTTAGC",20,17469,17488,55.27,50,4.81,249,11,0.197,0.274
"GTACTGTAAATGCATTGCCTGA",22,17309,17330,57.04,40.91,"AGGAACATGTCTGGACCTATA",21,17529,17549,55.18,42.86,1.86,241,9,0.338,0.4
"GGGTTACATCCTACACAGGCA",21,18088,18108,59.44,52.38,"AGGTGTATCAACATAACCTGTAGG",24,18400,18423,57.76,41.67,1.68,336,14,0.257,0.693
"GTTACATCCTACACAGGCACCTA",23,18090,18112,59.55,47.83,"AGGTGTATCAACATAACCTGTAGG",24,18400,18423,57.76,41.67,1.79,334,14,0.263,0.693
"GGACACTTTGATGGACAACA",20,19657,19676,55.88,45,"CAGTGAGTGGTGCACAAA",18,19964,19981,55.42,50,0.46,325,12,0.861,0.711
"AAAAGAGATGCTCCAGCAC",19,19885,19903,55.49,47.37,"AGCTTGTTTGGGACCTACA",19,20082,20100,56.14,47.37,0.65,216,5,0.288,1.57
"AAAGAGATGCTCCAGCACA",19,19886,19904,56.65,47.37,"AGCTTGTTTGGGACCTACA",19,20082,20100,56.14,47.37,0.51,215,5,0.278,1.57
"AGAGATGCTCCAGCACATA",19,19888,19906,55.47,47.37,"AGCTTGTTTGGGACCTACA",19,20082,20100,56.14,47.37,0.67,213,5,0.353,1.57
"GAGATGCTCCAGCACATATATC",22,19889,19910,56.27,45.45,"AGCTTGTTTGGGACCTACA",19,20082,20100,56.14,47.37,0.13,212,5,0.575,1.57
"ATTTGTGCACCACTCACTG",19,19963,19981,56.04,47.37,"AGCTTGTTTGGGACCTACA",19,20082,20100,56.14,47.37,0.1,138,3,0.729,1.57
"TAGAACCATTGGTAGATTTGCC",22,22230,22251,56.13,40.91,"TCCAAGCATAAACAGATGCA",20,22603,22622,55.33,40,0.8,393,31,0.806,1.095
"GAACCATTGGTAGATTTGCCA",21,22232,22252,56.49,42.86,"TCCAAGCATAAACAGATGCA",20,22603,22622,55.33,40,1.16,391,31,0.945,1.095
"ACCATTGGTAGATTTGCCAA",20,22234,22253,55.19,40,"TCCAAGCATAAACAGATGCA",20,22603,22622,55.33,40,0.14,389,31,1.21,1.095
"CTGCAGCTTATTATGTGGGTTA",22,22347,22368,56.22,40.91,"TCCAAGCATAAACAGATGCA",20,22603,22622,55.33,40,0.89,276,17,0.611,1.095
"GCAGCTTATTATGTGGGTTATC",22,22349,22370,55.03,40.91,"TCCAAGCATAAACAGATGCA",20,22603,22622,55.33,40,0.3,274,17,0.67,1.095
"GAGAATCAGCAACTGTGTTGC",21,22630,22650,58.07,47.62,"CAGCCTGTAAAATCATCTGGTA",22,22836,22857,55.88,40.91,2.19,228,12,0.466,0.585
"AATCAGCAACTGTGTTGCTG",20,22633,22652,57.21,45,"CAGCCTGTAAAATCATCTGGTA",22,22836,22857,55.88,40.91,1.33,225,12,0.478,0.585
"CAGCAACTGTGTTGCTGA",18,22636,22653,55.84,50,"CAGCCTGTAAAATCATCTGGTA",22,22836,22857,55.88,40.91,0.04,222,12,0.517,0.585
"CTTTTAAGTGTTATGGAGTGTCTCC",25,22689,22713,57.63,40,"CAGCCTGTAAAATCATCTGGTA",22,22836,22857,55.88,40.91,1.75,169,7,0.191,0.585
"AGGCACAGGTGTTCTTACTG",20,23203,23222,57.45,50,"AGGGACTTCTGTGCAGTTA",19,23407,23425,55.54,47.37,1.91,223,9,0.776,0.526
"GCACAGGTGTTCTTACTGAG",20,23205,23224,56.09,50,"AGGGACTTCTGTGCAGTTA",19,23407,23425,55.54,47.37,0.55,221,9,0.896,0.526
"CACAGGTGTTCTTACTGAGTC",21,23206,23226,55.95,47.62,"AGGGACTTCTGTGCAGTTA",19,23407,23425,55.54,47.37,0.41,220,9,0.853,0.526
"ACAGGTGTTCTTACTGAGTCTA",22,23207,23228,55.9,40.91,"AGGGACTTCTGTGCAGTTA",19,23407,23425,55.54,47.37,0.36,219,9,1.035,0.526
"GCTGTCCGTGATCCACAGA",19,23285,23303,59.41,57.89,"CCCTATTAAACAGCCTGCAC",20,23499,23518,56.48,50,2.93,234,7,0.811,1.162
"TGTCCGTGATCCACAGAC",18,23287,23304,56.27,55.56,"CCCTATTAAACAGCCTGCAC",20,23499,23518,56.48,50,0.21,232,7,0.582,1.162
"GTCCGTGATCCACAGACA",18,23288,23305,56.27,55.56,"CCCTATTAAACAGCCTGCAC",20,23499,23518,56.48,50,0.21,231,7,0.599,1.162
"TCCGTGATCCACAGACAC",18,23289,23306,56.27,55.56,"CCCTATTAAACAGCCTGCAC",20,23499,23518,56.48,50,0.21,230,7,0.862,1.162
"CCGTGATCCACAGACACTTG",20,23290,23309,58.57,55,"CCCTATTAAACAGCCTGCAC",20,23499,23518,56.48,50,2.09,229,7,0.961,1.162
"ACACCATGTTCTTTTGGTGGTG",22,23324,23345,59.57,45.45,"CCCTATTAAACAGCCTGCAC",20,23499,23518,56.48,50,3.09,195,5,0.176,1.162
"CCATGTTCTTTTGGTGGTGTC",21,23327,23347,57.63,47.62,"CCCTATTAAACAGCCTGCAC",20,23499,23518,56.48,50,1.15,192,5,0.43,1.162
"ATGTTCTTTTGGTGGTGTCA",20,23329,23348,55.38,40,"CCCTATTAAACAGCCTGCAC",20,23499,23518,56.48,50,1.1,190,5,0.436,1.162
"TGTTCTTTTGGTGGTGTCAG",20,23330,23349,56.1,45,"CCCTATTAAACAGCCTGCAC",20,23499,23518,56.48,50,0.38,189,5,0.4,1.162
"AAAGTGACACTTGCAGATGC",20,24035,24054,56.93,45,"ACAGTGCAGAAGTGTATTGAG",21,24174,24194,55.92,42.86,1.01,160,7,0.222,1.261
"GTGACACTTGCAGATGCTG",19,24038,24056,56.94,52.63,"ACAGTGCAGAAGTGTATTGAG",21,24174,24194,55.92,42.86,1.02,157,7,0.242,1.261
"TGTTTTGCCACCTTTGCTC",19,24139,24157,56.94,47.37,"GGAGCTAAGTTGTTTAACAAGC",22,24445,24466,55.92,40.91,1.02,328,14,0.309,0.333
"GTTTTGCCACCTTTGCTCA",19,24140,24158,56.94,47.37,"GGAGCTAAGTTGTTTAACAAGC",22,24445,24466,55.92,40.91,1.02,327,14,0.28,0.333
"TTTGCCACCTTTGCTCAC",18,24142,24159,56.11,50,"GGAGCTAAGTTGTTTAACAAGC",22,24445,24466,55.92,40.91,0.19,325,14,0.247,0.333
"TTGCCACCTTTGCTCACA",18,24143,24160,57.33,50,"GGAGCTAAGTTGTTTAACAAGC",22,24445,24466,55.92,40.91,1.41,324,14,0.327,0.333
"TGCCACCTTTGCTCACAG",18,24144,24161,57.84,55.56,"GGAGCTAAGTTGTTTAACAAGC",22,24445,24466,55.92,40.91,1.92,323,14,0.282,0.333
"GCCACCTTTGCTCACAGA",18,24145,24162,57.52,55.56,"GGAGCTAAGTTGTTTAACAAGC",22,24445,24466,55.92,40.91,1.6,322,14,0.276,0.333
"CCACCTTTGCTCACAGATG",19,24146,24164,56.21,52.63,"GGAGCTAAGTTGTTTAACAAGC",22,24445,24466,55.92,40.91,0.29,321,14,0.243,0.333
"ACTTCTGGTTGGACCTTTGG",20,24209,24228,57.64,50,"GGAGCTAAGTTGTTTAACAAGC",22,24445,24466,55.92,40.91,1.72,258,12,0.394,0.333
"TTCTGGTTGGACCTTTGGTG",20,24211,24230,57.93,50,"GGAGCTAAGTTGTTTAACAAGC",22,24445,24466,55.92,40.91,2.01,256,12,0.399,0.333
"TGGTTGGACCTTTGGTGCA",19,24214,24232,59.69,52.63,"GGAGCTAAGTTGTTTAACAAGC",22,24445,24466,55.92,40.91,3.77,253,12,0.407,0.333
"GTTGGACCTTTGGTGCAG",18,24216,24233,56.21,55.56,"GGAGCTAAGTTGTTTAACAAGC",22,24445,24466,55.92,40.91,0.29,251,12,0.403,0.333
"ACAGCAAGTGCACTTGGA",18,24383,24400,57.02,50,"TACACCATGAGGTGCTGAC",19,24724,24742,56.76,52.63,0.26,360,9,0.885,0.839
"CAGCAAGTGCACTTGGAA",18,24384,24401,55.81,50,"TACACCATGAGGTGCTGAC",19,24724,24742,56.76,52.63,0.95,359,9,0.885,0.839
"AGCAAGTGCACTTGGAAAA",19,24385,24403,55.84,42.11,"TACACCATGAGGTGCTGAC",19,24724,24742,56.76,52.63,0.92,358,9,0.892,0.839
"GCAAGTGCACTTGGAAAAC",19,24386,24404,55.84,47.37,"TACACCATGAGGTGCTGAC",19,24724,24742,56.76,52.63,0.92,357,9,0.91,0.839
"CAAGTGCACTTGGAAAACTTC",21,24387,24407,56.19,42.86,"TACACCATGAGGTGCTGAC",19,24724,24742,56.76,52.63,0.57,356,9,0.925,0.839
"AGTGCACTTGGAAAACTTCA",20,24389,24408,55.7,40,"TACACCATGAGGTGCTGAC",19,24724,24742,56.76,52.63,1.06,354,9,0.684,0.839
"CGCTTGTTAAACAACTTAGCTC",22,24444,24465,56.3,40.91,"TACACCATGAGGTGCTGAC",19,24724,24742,56.76,52.63,0.46,299,5,0.104,0.839
"ACGCTTGTTAAACAACTTAGCTCCA",25,24443,24467,61.43,40,"TACACCATGAGGTGCTGAC",19,24724,24742,56.76,52.63,4.67,300,5,0.141,0.839
"TTGCATGTGACTTATGTCCCTGCA",24,24749,24772,62.86,45.83,"TGAAGCATTAATGCCAGAGATGTCA",25,25063,25087,60.86,40,2,339,22,1.145,0.527
"GTGACTTATGTCCCTGCACA",20,24755,24774,57.53,50,"TGAAGCATTAATGCCAGAGATGTCA",25,25063,25087,60.86,40,3.33,333,22,0.846,0.527
"GGAAAAGCACACTTTCCTCGTG",22,24815,24836,60.29,50,"TGAAGCATTAATGCCAGAGATGTCA",25,25063,25087,60.86,40,0.57,273,16,0.308,0.527
"AAGCACACTTTCCTCGTGA",19,24819,24837,56.92,47.37,"TGAAGCATTAATGCCAGAGATGTCA",25,25063,25087,60.86,40,3.94,269,16,0.199,0.527
"GCACACTTTCCTCGTGAAG",19,24821,24839,56.58,52.63,"TGAAGCATTAATGCCAGAGATGTCA",25,25063,25087,60.86,40,4.28,267,16,0.183,0.527
"CACACTTTCCTCGTGAAGG",19,24822,24840,55.88,52.63,"TGAAGCATTAATGCCAGAGATGTCA",25,25063,25087,60.86,40,4.98,266,16,0.174,0.527
"AGTTGCTGTAGTTGTCTCAAG",21,25277,25297,55.85,42.86,"CCAGCAAAGAAAATAGTTGGC",21,25819,25839,56.02,42.86,0.17,563,85,0.338,0.229
"GTTGCTGTAGTTGTCTCAAGG",21,25278,25298,56.84,47.62,"CCAGCAAAGAAAATAGTTGGC",21,25819,25839,56.02,42.86,0.82,562,85,0.316,0.229
"TGCTGTAGTTGTCTCAAGGG",20,25280,25299,57.16,50,"CCAGCAAAGAAAATAGTTGGC",21,25819,25839,56.02,42.86,1.14,560,85,0.255,0.229
"TGGGAATCTGGAGTAAAAGACTG",23,25969,25991,57.83,43.48,"TGAACCGTCGATTGTGTGAATTTGG",25,26124,26148,62.49,44,4.66,180,16,0.613,0.484
"GGGAATCTGGAGTAAAAGACTGTG",24,25970,25993,59.06,45.83,"TGAACCGTCGATTGTGTGAATTTGG",25,26124,26148,62.49,44,3.43,179,16,0.603,0.484
"AGCTGTACTCAACTCAATTGAG",22,26030,26051,56.12,40.91,"TGAACCGTCGATTGTGTGA",19,26130,26148,57.03,47.37,0.91,119,10,1.214,0.456
"TGGTATTCTTGCTAGTTACACTAGC",25,26315,26339,58.43,40,"CAAGGAGCTTTTTAAGCTCTTC",22,26553,26574,55.64,40.91,2.79,260,11,0.047,0.504
"TTCCAACGGTACTATTACCGTTG",23,26531,26553,58.51,43.48,"AGCAGCAAGCACAAAACAA",19,26711,26729,56.86,42.11,1.65,199,10,0.4,0.378
"CAACGGTACTATTACCGTTGA",21,26534,26554,55.48,42.86,"AGCAGCAAGCACAAAACAA",19,26711,26729,56.86,42.11,1.38,196,10,0.189,0.378
"AACGGTACTATTACCGTTGAAG",22,26535,26556,55.95,40.91,"AGCAGCAAGCACAAAACAA",19,26711,26729,56.86,42.11,0.91,195,10,0.476,0.378
"GTACGCGTTCCATGTGGTC",19,26836,26854,58.92,57.89,"TCACAGCGTCCTAGATGG",18,26984,27001,55.7,55.56,3.22,166,13,0.23,1.132
"ATTGCTGGACACCATCTAGG",20,26973,26992,56.98,50,"CAGCAAAACCTGAGTCACC",19,27087,27105,56.45,52.63,0.53,133,7,0.396,0.764
"GCTGGACACCATCTAGGA",18,26976,26993,55.22,55.56,"CAGCAAAACCTGAGTCACC",19,27087,27105,56.45,52.63,1.23,130,7,0.692,0.764
"ACAGACCATTCCAGTAGCA",19,27144,27162,55.61,47.37,"TAGCGAGTGTTATCAGTGCCAA",22,27412,27433,59.77,45.45,4.16,290,20,0.21,0.913
"CAGACCATTCCAGTAGCAGTG",21,27145,27165,58.37,52.38,"TAGCGAGTGTTATCAGTGCCAA",22,27412,27433,59.77,45.45,1.4,289,20,0.877,0.913
"ACCATTCCAGTAGCAGTGA",19,27148,27166,55.61,47.37,"TAGCGAGTGTTATCAGTGCCAA",22,27412,27433,59.77,45.45,4.16,286,20,0.892,0.913
"CCATTCCAGTAGCAGTGAC",19,27149,27167,55.31,52.63,"TAGCGAGTGTTATCAGTGCCAA",22,27412,27433,59.77,45.45,4.46,285,20,0.889,0.913
"CATTCCAGTAGCAGTGACAA",20,27150,27169,55.39,45,"TAGCGAGTGTTATCAGTGCCAA",22,27412,27433,59.77,45.45,4.38,284,20,0.303,0.913
"TCTTGGCACTGATAACACTC",20,27410,27429,55.09,45,"TCAGGACAAGCAAAAGCAA",19,27581,27599,55.53,42.11,0.44,190,25,0.775,0.11
"CTTGGCACTGATAACACTCG",20,27411,27430,56.55,50,"TCAGGACAAGCAAAAGCAA",19,27581,27599,55.53,42.11,1.02,189,25,0.749,0.11
"TGGCACTGATAACACTCGCTA",21,27413,27433,59.18,47.62,"TCAGGACAAGCAAAAGCAA",19,27581,27599,55.53,42.11,3.65,187,25,1.188,0.11
"GAGCTTTATCACTACCAAGAGTG",23,27439,27461,56.71,43.48,"TCAGGACAAGCAAAAGCAA",19,27581,27599,55.53,42.11,1.18,161,23,0.174,0.11
"GTTTACCCAATAATACTGCGTCTTG",25,28404,28428,58.52,40,"AATACCATCTTGGACTGAGATC",22,28580,28601,55.05,40.91,3.47,198,10,0.037,0.538
"GCTCTCACTCAACATGGC",18,28436,28453,55.78,55.56,"AGCACCATAGGGAAGTCC",18,28631,28648,55.51,55.56,0.27,213,11,0.116,0.794
"CTCTCACTCAACATGGCAA",19,28437,28455,55.12,47.37,"AGCACCATAGGGAAGTCC",18,28631,28648,55.51,55.56,0.39,212,11,0.108,0.794
"TCTCACTCAACATGGCAAG",19,28438,28456,55.12,47.37,"AGCACCATAGGGAAGTCC",18,28631,28648,55.51,55.56,0.39,211,11,0.128,0.794
"CTCACTCAACATGGCAAGG",19,28439,28457,56.21,52.63,"AGCACCATAGGGAAGTCC",18,28631,28648,55.51,55.56,0.7,210,11,0.128,0.794
"TCACTCAACATGGCAAGGA",19,28440,28458,56.56,47.37,"AGCACCATAGGGAAGTCC",18,28631,28648,55.51,55.56,1.05,209,11,0.098,0.794
"CACTCAACATGGCAAGGAA",19,28441,28459,55.71,47.37,"AGCACCATAGGGAAGTCC",18,28631,28648,55.51,55.56,0.2,208,11,0.36,0.794
"TACCTAGGAACTGGGCCAGA",20,28607,28626,59.29,55,"AGCAGCAGATTTCTTAGTGACAG",23,29007,29029,58.75,43.48,0.54,423,51,0.076,0.048
"CCTAGGAACTGGGCCAGAA",19,28609,28627,58.3,57.89,"AGCAGCAGATTTCTTAGTGACAG",23,29007,29029,58.75,43.48,0.45,421,51,0.091,0.048
"CTGGACTTCCCTATGGTGCTA",21,28629,28649,58.6,52.38,"ATGCTTTAGTGGCAGTACG",19,29057,29075,55.32,47.37,3.28,447,52,0.405,0.345
"GGCATCATATGGGTTGCA",18,28658,28675,55.01,50,"TGTTCTGGACCACGTCTG",18,29098,29115,56.51,55.56,1.5,458,54,0.327,0.489
"GTGCTACAACTTCCTCAAGG",20,28745,28764,56.07,50,"TGTTCTGGACCACGTCTG",18,29098,29115,56.51,55.56,0.44,371,41,0.018,0.489
"TGCTACAACTTCCTCAAGGA",20,28746,28765,56.09,45,"TGTTCTGGACCACGTCTG",18,29098,29115,56.51,55.56,0.42,370,41,0.028,0.489
"GCTACAACTTCCTCAAGGAAC",21,28747,28767,56.55,47.62,"TGTTCTGGACCACGTCTG",18,29098,29115,56.51,55.56,0.04,369,41,0.027,0.489
"CTACAACTTCCTCAAGGAACA",21,28748,28768,55.18,42.86,"TGTTCTGGACCACGTCTG",18,29098,29115,56.51,55.56,1.33,368,41,0.032,0.489
"TACAACTTCCTCAAGGAACAAC",22,28749,28770,56.22,40.91,"TGTTCTGGACCACGTCTG",18,29098,29115,56.51,55.56,0.29,367,41,0.026,0.489
"GCAGACGTGGTCCAGAACA",19,29097,29115,59.93,57.89,"GGATTGTTGCAATTGTTTGGAG",22,29482,29503,57,40.91,2.93,407,43,0.159,0.291
"AGACGTGGTCCAGAACAA",18,29099,29116,55.65,50,"GGATTGTTGCAATTGTTTGGAG",22,29482,29503,57,40.91,1.35,405,43,0.099,0.291
"GACGTGGTCCAGAACAAAC",19,29100,29118,56.49,52.63,"GGATTGTTGCAATTGTTTGGAG",22,29482,29503,57,40.91,0.51,404,43,0.05,0.291
"CAAGGAAATTTTGGGGACCA",20,29120,29139,56.09,45,"GGATTGTTGCAATTGTTTGGAG",22,29482,29503,57,40.91,0.91,384,42,0.114,0.291
"CGCATTGGCATGGAAGTC",18,29228,29245,56.89,55.56,"GGATTGTTGCAATTGTTTGGAG",22,29482,29503,57,40.91,0.11,276,32,0.012,0.291
"GCATTGGCATGGAAGTCA",18,29229,29246,55.61,50,"GGATTGTTGCAATTGTTTGGAG",22,29482,29503,57,40.91,1.39,275,32,0.012,0.291
"CATTGGCATGGAAGTCACA",19,29230,29248,55.79,47.37,"GGATTGTTGCAATTGTTTGGAG",22,29482,29503,57,40.91,1.21,274,32,0.011,0.291
